Symbol,Market
AACG,NASDAQ
AAME,NASDAQ
AAOI,NASDAQ
AAON,NASDAQ
AAWW,NASDAQ
AAXJ,NASDAQ
AAXN,NASDAQ
ABCB,NASDAQ
ABDC,NASDAQ
ABEO,NASDAQ
ABEOW,NASDAQ
ABIL,NASDAQ
ABIO,NASDAQ
ABTX,NASDAQ
ABUS,NASDAQ
ACAD,NASDAQ
ACAM,NASDAQ
ACAMU,NASDAQ
ACAMW,NASDAQ
ACBI,NASDAQ
ACER,NASDAQ
ACGL,NASDAQ
ACGLO,NASDAQ
ACGLP,NASDAQ
ACHC,NASDAQ
ACHN,NASDAQ
ACHV,NASDAQ
ACIA,NASDAQ
ACIU,NASDAQ
ACIW,NASDAQ
ACLS,NASDAQ
ACMR,NASDAQ
ACNB,NASDAQ
ACOR,NASDAQ
ACRS,NASDAQ
ACRX,NASDAQ
ACST,NASDAQ
ACT,NASDAQ
ACTG,NASDAQ
ACTT,NASDAQ
ACTTU,NASDAQ
ACTTW,NASDAQ
ACWI,NASDAQ
ACWX,NASDAQ
ADAP,NASDAQ
ADES,NASDAQ
ADIL,NASDAQ
ADILW,NASDAQ
ADMA,NASDAQ
ADMP,NASDAQ
ADMS,NASDAQ
ADPT,NASDAQ
ADRA,NASDAQ
ADRD,NASDAQ
ADRE,NASDAQ
ADRO,NASDAQ
ADRU,NASDAQ
ADTN,NASDAQ
ADUS,NASDAQ
ADVM,NASDAQ
ADXS,NASDAQ
AEGN,NASDAQ
AEHR,NASDAQ
AEIS,NASDAQ
AEMD,NASDAQ
AERI,NASDAQ
AESE,NASDAQ
AEY,NASDAQ
AEYE,NASDAQ
AEZS,NASDAQ
AFH,NASDAQ
AFIN,NASDAQ
AFINP,NASDAQ
AFMD,NASDAQ
AFYA,NASDAQ
AGBA,NASDAQ
AGBAR,NASDAQ
AGBAU,NASDAQ
AGBAW,NASDAQ
AGEN,NASDAQ
AGFS,NASDAQ
AGFSW,NASDAQ
AGIO,NASDAQ
AGLE,NASDAQ
AGMH,NASDAQ
AGNC,NASDAQ
AGNCM,NASDAQ
AGNCN,NASDAQ
AGNCO,NASDAQ
AGND,NASDAQ
AGRX,NASDAQ
AGTC,NASDAQ
AGYS,NASDAQ
AGZD,NASDAQ
AHCO,NASDAQ
AHCOW,NASDAQ
AHPI,NASDAQ
AIA,NASDAQ
AIH,NASDAQ
AIHS,NASDAQ
AIMC,NASDAQ
AIMT,NASDAQ
AINV,NASDAQ
AIQ,NASDAQ
AIRG,NASDAQ
AIRR,NASDAQ
AIRT,NASDAQ
AIRTP,NASDAQ
AIRTW,NASDAQ
AKBA,NASDAQ
AKCA,NASDAQ
AKER,NASDAQ
AKRO,NASDAQ
AKRX,NASDAQ
AKTS,NASDAQ
AKTX,NASDAQ
ALAC,NASDAQ
ALACR,NASDAQ
ALACU,NASDAQ
ALACW,NASDAQ
ALBO,NASDAQ
ALCO,NASDAQ
ALDX,NASDAQ
ALEC,NASDAQ
ALGR,NASDAQ
ALGRR,NASDAQ
ALGRU,NASDAQ
ALGRW,NASDAQ
ALGT,NASDAQ
ALIM,NASDAQ
ALJJ,NASDAQ
ALKS,NASDAQ
ALLK,NASDAQ
ALLO,NASDAQ
ALLT,NASDAQ
ALNA,NASDAQ
ALNY,NASDAQ
ALOT,NASDAQ
ALPN,NASDAQ
ALRM,NASDAQ
ALRN,NASDAQ
ALRS,NASDAQ
ALSK,NASDAQ
ALT,NASDAQ
ALTM,NASDAQ
ALTR,NASDAQ
ALTY,NASDAQ
ALYA,NASDAQ
AMAG,NASDAQ
AMAL,NASDAQ
AMBA,NASDAQ
AMBC,NASDAQ
AMBCW,NASDAQ
AMCA,NASDAQ
AMCI,NASDAQ
AMCIU,NASDAQ
AMCIW,NASDAQ
AMCX,NASDAQ
AMED,NASDAQ
AMEH,NASDAQ
AMHCU,NASDAQ
AMKR,NASDAQ
AMNB,NASDAQ
AMOT,NASDAQ
AMPH,NASDAQ
AMRB,NASDAQ
AMRH,NASDAQ
AMRHW,NASDAQ
AMRK,NASDAQ
AMRN,NASDAQ
AMRS,NASDAQ
AMSC,NASDAQ
AMSF,NASDAQ
AMSWA,NASDAQ
AMTB,NASDAQ
AMTBB,NASDAQ
AMTD,NASDAQ
AMTX,NASDAQ
AMWD,NASDAQ
ANAB,NASDAQ
ANAT,NASDAQ
ANCN,NASDAQ
ANDA,NASDAQ
ANDAR,NASDAQ
ANDAU,NASDAQ
ANDAW,NASDAQ
ANDE,NASDAQ
ANGI,NASDAQ
ANGO,NASDAQ
ANIK,NASDAQ
ANIP,NASDAQ
ANIX,NASDAQ
ANTE,NASDAQ
ANY,NASDAQ
AOBC,NASDAQ
AOSL,NASDAQ
APDN,NASDAQ
APEI,NASDAQ
APEN,NASDAQ
APEX,NASDAQ
APLS,NASDAQ
APLT,NASDAQ
APM,NASDAQ
APOG,NASDAQ
APOP,NASDAQ
APOPW,NASDAQ
APPF,NASDAQ
APPN,NASDAQ
APPS,NASDAQ
APRE,NASDAQ
APTO,NASDAQ
APTX,NASDAQ
APVO,NASDAQ
APWC,NASDAQ
APXT,NASDAQ
APXTU,NASDAQ
APXTW,NASDAQ
APYX,NASDAQ
AQB,NASDAQ
AQMS,NASDAQ
AQST,NASDAQ
ARAV,NASDAQ
ARAY,NASDAQ
ARCB,NASDAQ
ARCC,NASDAQ
ARCE,NASDAQ
ARCT,NASDAQ
ARDS,NASDAQ
ARDX,NASDAQ
AREC,NASDAQ
ARGX,NASDAQ
ARKR,NASDAQ
ARLP,NASDAQ
ARNA,NASDAQ
AROW,NASDAQ
ARPO,NASDAQ
ARQL,NASDAQ
ARTL,NASDAQ
ARTLW,NASDAQ
ARTNA,NASDAQ
ARTW,NASDAQ
ARTX,NASDAQ
ARVN,NASDAQ
ARWR,NASDAQ
ARYA,NASDAQ
ARYAU,NASDAQ
ARYAW,NASDAQ
ASET,NASDAQ
ASFI,NASDAQ
ASLN,NASDAQ
ASMB,NASDAQ
ASML,NASDAQ
ASNA,NASDAQ
ASND,NASDAQ
ASPS,NASDAQ
ASPU,NASDAQ
ASRT,NASDAQ
ASRV,NASDAQ
ASRVP,NASDAQ
ASTC,NASDAQ
ASTE,NASDAQ
ASUR,NASDAQ
ASYS,NASDAQ
ATAX,NASDAQ
ATEC,NASDAQ
ATEX,NASDAQ
ATHE,NASDAQ
ATHX,NASDAQ
ATIF,NASDAQ
ATLC,NASDAQ
ATLO,NASDAQ
ATNI,NASDAQ
ATNX,NASDAQ
ATOM,NASDAQ
ATOS,NASDAQ
ATRA,NASDAQ
ATRC,NASDAQ
ATRI,NASDAQ
ATRO,NASDAQ
ATRS,NASDAQ
ATSG,NASDAQ
ATXI,NASDAQ
AUB,NASDAQ
AUBN,NASDAQ
AUDC,NASDAQ
AUPH,NASDAQ
AUTL,NASDAQ
AUTO,NASDAQ
AVAV,NASDAQ
AVCO,NASDAQ
AVDL,NASDAQ
AVEO,NASDAQ
AVGOP,NASDAQ
AVGR,NASDAQ
AVID,NASDAQ
AVNW,NASDAQ
AVRO,NASDAQ
AVT,NASDAQ
AVXL,NASDAQ
AWRE,NASDAQ
AXAS,NASDAQ
AXDX,NASDAQ
AXGN,NASDAQ
AXGT,NASDAQ
AXLA,NASDAQ
AXNX,NASDAQ
AXSM,NASDAQ
AXTI,NASDAQ
AY,NASDAQ
AYTU,NASDAQ
AZPN,NASDAQ
AZRX,NASDAQ
BAND,NASDAQ
BANF,NASDAQ
BANFP,NASDAQ
BANR,NASDAQ
BANX,NASDAQ
BASI,NASDAQ
BATRA,NASDAQ
BATRK,NASDAQ
BBBY,NASDAQ
BBCP,NASDAQ
BBGI,NASDAQ
BBH,NASDAQ
BBI,NASDAQ
BBIO,NASDAQ
BBQ,NASDAQ
BBSI,NASDAQ
BCBP,NASDAQ
BCDA,NASDAQ
BCDAW,NASDAQ
BCEL,NASDAQ
BCLI,NASDAQ
BCML,NASDAQ
BCOM,NASDAQ
BCOR,NASDAQ
BCOV,NASDAQ
BCOW,NASDAQ
BCPC,NASDAQ
BCRX,NASDAQ
BCTF,NASDAQ
BCYC,NASDAQ
BDGE,NASDAQ
BDSI,NASDAQ
BEAT,NASDAQ
BECN,NASDAQ
BELFA,NASDAQ
BELFB,NASDAQ
BFC,NASDAQ
BFIN,NASDAQ
BFIT,NASDAQ
BFRA,NASDAQ
BFST,NASDAQ
BGCP,NASDAQ
BGFV,NASDAQ
BGNE,NASDAQ
BGRN,NASDAQ
BHAT,NASDAQ
BHF,NASDAQ
BHFAL,NASDAQ
BHFAP,NASDAQ
BHTG,NASDAQ
BIB,NASDAQ
BICK,NASDAQ
BIDU,NASDAQ
BILI,NASDAQ
BIMI,NASDAQ
BIOC,NASDAQ
BIOL,NASDAQ
BIOS,NASDAQ
BIS,NASDAQ
BJRI,NASDAQ
BKCC,NASDAQ
BKEP,NASDAQ
BKEPP,NASDAQ
BKSC,NASDAQ
BKYI,NASDAQ
BL,NASDAQ
BLBD,NASDAQ
BLCM,NASDAQ
BLCN,NASDAQ
BLDP,NASDAQ
BLDR,NASDAQ
BLFS,NASDAQ
BLIN,NASDAQ
BLKB,NASDAQ
BLMN,NASDAQ
BLNK,NASDAQ
BLNKW,NASDAQ
BLPH,NASDAQ
BLRX,NASDAQ
BLU,NASDAQ
BLUE,NASDAQ
BMCH,NASDAQ
BMLP,NASDAQ
BMRA,NASDAQ
BMRC,NASDAQ
BMRN,NASDAQ
BMTC,NASDAQ
BND,NASDAQ
BNDW,NASDAQ
BNDX,NASDAQ
BNFT,NASDAQ
BNGO,NASDAQ
BNGOW,NASDAQ
BNSO,NASDAQ
BNTC,NASDAQ
BNTCW,NASDAQ
BNTX,NASDAQ
BOCH,NASDAQ
BOKF,NASDAQ
BOKFL,NASDAQ
BOLD,NASDAQ
BOMN,NASDAQ
BOOM,NASDAQ
BOSC,NASDAQ
BOTJ,NASDAQ
BOTZ,NASDAQ
BOXL,NASDAQ
BPFH,NASDAQ
BPMC,NASDAQ
BPOP,NASDAQ
BPOPM,NASDAQ
BPOPN,NASDAQ
BPR,NASDAQ
BPRAP,NASDAQ
BPRN,NASDAQ
BPTH,NASDAQ
BPY,NASDAQ
BPYPO,NASDAQ
BPYPP,NASDAQ
BREW,NASDAQ
BRID,NASDAQ
BRKL,NASDAQ
BRKR,NASDAQ
BRKS,NASDAQ
BROG,NASDAQ
BROGR,NASDAQ
BROGU,NASDAQ
BROGW,NASDAQ
BRP,NASDAQ
BRPA,NASDAQ
BRPAR,NASDAQ
BRPAU,NASDAQ
BRPAW,NASDAQ
BRQS,NASDAQ
BRY,NASDAQ
BSET,NASDAQ
BSGM,NASDAQ
BSML,NASDAQ
BSMM,NASDAQ
BSMN,NASDAQ
BSMO,NASDAQ
BSMP,NASDAQ
BSMQ,NASDAQ
BSMR,NASDAQ
BSMS,NASDAQ
BSMT,NASDAQ
BSQR,NASDAQ
BSRR,NASDAQ
BSTC,NASDAQ
BSVN,NASDAQ
BTAI,NASDAQ
BTEC,NASDAQ
BUG,NASDAQ
BURG,NASDAQ
BUSE,NASDAQ
BVSN,NASDAQ
BVXV,NASDAQ
BVXVW,NASDAQ
BWAY,NASDAQ
BWB,NASDAQ
BWEN,NASDAQ
BWFG,NASDAQ
BWMC,NASDAQ
BWMCU,NASDAQ
BWMCW,NASDAQ
BXRX,NASDAQ
BYFC,NASDAQ
BYND,NASDAQ
BYSI,NASDAQ
BZUN,NASDAQ
CAAS,NASDAQ
CABA,NASDAQ
CAC,NASDAQ
CACC,NASDAQ
CACG,NASDAQ
CAKE,NASDAQ
CALA,NASDAQ
CALM,NASDAQ
CAMP,NASDAQ
CAMT,NASDAQ
CAN,NASDAQ
CAPR,NASDAQ
CAR,NASDAQ
CARA,NASDAQ
CARB,NASDAQ
CARE,NASDAQ
CARG,NASDAQ
CARO,NASDAQ
CART,NASDAQ
CARV,NASDAQ
CARZ,NASDAQ
CASA,NASDAQ
CASH,NASDAQ
CASI,NASDAQ
CASS,NASDAQ
CASY,NASDAQ
CATB,NASDAQ
CATC,NASDAQ
CATH,NASDAQ
CATM,NASDAQ
CATS,NASDAQ
CATY,NASDAQ
CBAN,NASDAQ
CBAT,NASDAQ
CBAY,NASDAQ
CBFV,NASDAQ
CBIO,NASDAQ
CBLI,NASDAQ
CBMB,NASDAQ
CBMG,NASDAQ
CBNK,NASDAQ
CBPO,NASDAQ
CBRL,NASDAQ
CBSH,NASDAQ
CBSHP,NASDAQ
CBTX,NASDAQ
CCB,NASDAQ
CCBG,NASDAQ
CCCL,NASDAQ
CCD,NASDAQ
CCLP,NASDAQ
CCMP,NASDAQ
CCNE,NASDAQ
CCOI,NASDAQ
CCRC,NASDAQ
CCRN,NASDAQ
CCXI,NASDAQ
CDC,NASDAQ
CDEV,NASDAQ
CDK,NASDAQ
CDL,NASDAQ
CDLX,NASDAQ
CDMO,NASDAQ
CDMOP,NASDAQ
CDNA,NASDAQ
CDTX,NASDAQ
CDXC,NASDAQ
CDXS,NASDAQ
CDZI,NASDAQ
CECE,NASDAQ
CECO,NASDAQ
CELC,NASDAQ
CELH,NASDAQ
CEMI,NASDAQ
CENT,NASDAQ
CENTA,NASDAQ
CENX,NASDAQ
CERC,NASDAQ
CERS,NASDAQ
CETV,NASDAQ
CETX,NASDAQ
CETXP,NASDAQ
CETXW,NASDAQ
CEVA,NASDAQ
CEY,NASDAQ
CEZ,NASDAQ
CFA,NASDAQ
CFB,NASDAQ
CFBI,NASDAQ
CFBK,NASDAQ
CFFA,NASDAQ
CFFAU,NASDAQ
CFFAW,NASDAQ
CFFI,NASDAQ
CFFN,NASDAQ
CFMS,NASDAQ
CFO,NASDAQ
CFRX,NASDAQ
CG,NASDAQ
CGBD,NASDAQ
CGEN,NASDAQ
CGIX,NASDAQ
CGNX,NASDAQ
CGO,NASDAQ
CHCI,NASDAQ
CHCO,NASDAQ
CHDN,NASDAQ
CHEF,NASDAQ
CHEK,NASDAQ
CHEKW,NASDAQ
CHEKZ,NASDAQ
CHFS,NASDAQ
CHI,NASDAQ
CHKP,NASDAQ
CHMA,NASDAQ
CHMG,NASDAQ
CHNA,NASDAQ
CHNG,NASDAQ
CHNGU,NASDAQ
CHNR,NASDAQ
CHPMU,NASDAQ
CHRS,NASDAQ
CHSCL,NASDAQ
CHSCM,NASDAQ
CHSCN,NASDAQ
CHSCO,NASDAQ
CHSCP,NASDAQ
CHUY,NASDAQ
CHW,NASDAQ
CHY,NASDAQ
CIBR,NASDAQ
CID,NASDAQ
CIDM,NASDAQ
CIFS,NASDAQ
CIGI,NASDAQ
CIH,NASDAQ
CIL,NASDAQ
CIVB,NASDAQ
CIVBP,NASDAQ
CIZ,NASDAQ
CIZN,NASDAQ
CJJD,NASDAQ
CKPT,NASDAQ
CLAR,NASDAQ
CLBK,NASDAQ
CLBS,NASDAQ
CLCT,NASDAQ
CLDB,NASDAQ
CLDX,NASDAQ
CLFD,NASDAQ
CLGN,NASDAQ
CLIR,NASDAQ
CLLS,NASDAQ
CLMT,NASDAQ
CLNE,NASDAQ
CLOU,NASDAQ
CLPS,NASDAQ
CLRB,NASDAQ
CLRBZ,NASDAQ
CLRG,NASDAQ
CLRO,NASDAQ
CLSD,NASDAQ
CLSN,NASDAQ
CLUB,NASDAQ
CLVS,NASDAQ
CLWT,NASDAQ
CLXT,NASDAQ
CMBM,NASDAQ
CMCO,NASDAQ
CMCT,NASDAQ
CMCTP,NASDAQ
CMFNL,NASDAQ
CMLS,NASDAQ
CMPR,NASDAQ
CMRX,NASDAQ
CMTL,NASDAQ
CNAT,NASDAQ
CNBKA,NASDAQ
CNCE,NASDAQ
CNCR,NASDAQ
CNET,NASDAQ
CNFR,NASDAQ
CNFRL,NASDAQ
CNMD,NASDAQ
CNOB,NASDAQ
CNSL,NASDAQ
CNSP,NASDAQ
CNST,NASDAQ
CNTG,NASDAQ
CNTY,NASDAQ
CNXN,NASDAQ
COCP,NASDAQ
CODA,NASDAQ
CODX,NASDAQ
COHR,NASDAQ
COHU,NASDAQ
COKE,NASDAQ
COLB,NASDAQ
COLL,NASDAQ
COLM,NASDAQ
COMM,NASDAQ
COMT,NASDAQ
CONE,NASDAQ
CONN,NASDAQ
COOP,NASDAQ
CORE,NASDAQ
CORT,NASDAQ
CORV,NASDAQ
COUP,NASDAQ
COWN,NASDAQ
COWNL,NASDAQ
COWNZ,NASDAQ
CPAA,NASDAQ
CPAAU,NASDAQ
CPAAW,NASDAQ
CPAH,NASDAQ
CPHC,NASDAQ
CPIX,NASDAQ
CPLP,NASDAQ
CPRX,NASDAQ
CPSH,NASDAQ
CPSI,NASDAQ
CPSS,NASDAQ
CPST,NASDAQ
CPTA,NASDAQ
CPTAG,NASDAQ
CPTAL,NASDAQ
CPZ,NASDAQ
CRAI,NASDAQ
CRBP,NASDAQ
CREE,NASDAQ
CREG,NASDAQ
CRESY,NASDAQ
CREX,NASDAQ
CREXW,NASDAQ
CRIS,NASDAQ
CRMT,NASDAQ
CRNC,NASDAQ
CRNT,NASDAQ
CRNX,NASDAQ
CRON,NASDAQ
CROX,NASDAQ
CRSA,NASDAQ
CRSAU,NASDAQ
CRSAW,NASDAQ
CRSP,NASDAQ
CRTO,NASDAQ
CRTX,NASDAQ
CRUS,NASDAQ
CRVL,NASDAQ
CRVS,NASDAQ
CRWD,NASDAQ
CRWS,NASDAQ
CRZO,NASDAQ
CSA,NASDAQ
CSB,NASDAQ
CSBR,NASDAQ
CSF,NASDAQ
CSFL,NASDAQ
CSGP,NASDAQ
CSGS,NASDAQ
CSII,NASDAQ
CSIQ,NASDAQ
CSML,NASDAQ
CSOD,NASDAQ
CSPI,NASDAQ
CSQ,NASDAQ
CSSE,NASDAQ
CSSEP,NASDAQ
CSTE,NASDAQ
CSTL,NASDAQ
CSTR,NASDAQ
CSWC,NASDAQ
CSWCL,NASDAQ
CSWI,NASDAQ
CTAC,NASDAQ
CTACU,NASDAQ
CTACW,NASDAQ
CTBI,NASDAQ
CTG,NASDAQ
CTHR,NASDAQ
CTIB,NASDAQ
CTIC,NASDAQ
CTMX,NASDAQ
CTRC,NASDAQ
CTRE,NASDAQ
CTRM,NASDAQ
CTRN,NASDAQ
CTSO,NASDAQ
CTXR,NASDAQ
CTXRW,NASDAQ
CUBA,NASDAQ
CUE,NASDAQ
CUI,NASDAQ
CUTR,NASDAQ
CVBF,NASDAQ
CVCO,NASDAQ
CVCY,NASDAQ
CVET,NASDAQ
CVGI,NASDAQ
CVGW,NASDAQ
CVLT,NASDAQ
CVLY,NASDAQ
CVTI,NASDAQ
CVV,NASDAQ
CWBC,NASDAQ
CWBR,NASDAQ
CWCO,NASDAQ
CWST,NASDAQ
CXDC,NASDAQ
CXSE,NASDAQ
CY,NASDAQ
CYAD,NASDAQ
CYAN,NASDAQ
CYBE,NASDAQ
CYBR,NASDAQ
CYCC,NASDAQ
CYCCP,NASDAQ
CYCN,NASDAQ
CYOU,NASDAQ
CYRN,NASDAQ
CYRX,NASDAQ
CYRXW,NASDAQ
CYTK,NASDAQ
CZNC,NASDAQ
CZR,NASDAQ
CZWI,NASDAQ
DAIO,NASDAQ
DAKT,NASDAQ
DALI,NASDAQ
DARE,NASDAQ
DAX,NASDAQ
DBVT,NASDAQ
DBX,NASDAQ
DCAR,NASDAQ
DCIX,NASDAQ
DCOM,NASDAQ
DCPH,NASDAQ
DDIV,NASDAQ
DDMX,NASDAQ
DDMXU,NASDAQ
DDMXW,NASDAQ
DDOG,NASDAQ
DEAC,NASDAQ
DEACU,NASDAQ
DEACW,NASDAQ
DENN,NASDAQ
DERM,NASDAQ
DFFN,NASDAQ
DFNL,NASDAQ
DFNSU,NASDAQ
DGICA,NASDAQ
DGICB,NASDAQ
DGII,NASDAQ
DGLD,NASDAQ
DGLY,NASDAQ
DGRE,NASDAQ
DGRS,NASDAQ
DGRW,NASDAQ
DHIL,NASDAQ
DHXM,NASDAQ
DINT,NASDAQ
DIOD,NASDAQ
DISCB,NASDAQ
DJCO,NASDAQ
DLHC,NASDAQ
DLPN,NASDAQ
DLPNW,NASDAQ
DLTH,NASDAQ
DMAC,NASDAQ
DMLP,NASDAQ
DMPI,NASDAQ
DMRC,NASDAQ
DMTK,NASDAQ
DNJR,NASDAQ
DNKN,NASDAQ
DNLI,NASDAQ
DOCU,NASDAQ
DOGZ,NASDAQ
DOMO,NASDAQ
DOOO,NASDAQ
DORM,NASDAQ
DOX,NASDAQ
DOYU,NASDAQ
DPHC,NASDAQ
DPHCU,NASDAQ
DPHCW,NASDAQ
DRAD,NASDAQ
DRADP,NASDAQ
DRIO,NASDAQ
DRIOW,NASDAQ
DRIV,NASDAQ
DRNA,NASDAQ
DRRX,NASDAQ
DRTT,NASDAQ
DSGX,NASDAQ
DSKE,NASDAQ
DSKEW,NASDAQ
DSLV,NASDAQ
DSPG,NASDAQ
DSWL,NASDAQ
DTEA,NASDAQ
DTIL,NASDAQ
DTSS,NASDAQ
DUO,NASDAQ
DUSA,NASDAQ
DVAX,NASDAQ
DVLU,NASDAQ
DVOL,NASDAQ
DVY,NASDAQ
DWAQ,NASDAQ
DWAS,NASDAQ
DWAT,NASDAQ
DWCR,NASDAQ
DWFI,NASDAQ
DWIN,NASDAQ
DWLD,NASDAQ
DWMC,NASDAQ
DWPP,NASDAQ
DWSH,NASDAQ
DWSN,NASDAQ
DWTR,NASDAQ
DXCM,NASDAQ
DXGE,NASDAQ
DXJS,NASDAQ
DXLG,NASDAQ
DXPE,NASDAQ
DXYN,NASDAQ
DYAI,NASDAQ
DYNT,NASDAQ
DZSI,NASDAQ
EARS,NASDAQ
EAST,NASDAQ
EBAYL,NASDAQ
EBIX,NASDAQ
EBIZ,NASDAQ
EBMT,NASDAQ
EBSB,NASDAQ
EBTC,NASDAQ
ECHO,NASDAQ
ECOL,NASDAQ
ECOLW,NASDAQ
ECOR,NASDAQ
ECOW,NASDAQ
ECPG,NASDAQ
EDAP,NASDAQ
EDIT,NASDAQ
EDNT,NASDAQ
EDRY,NASDAQ
EDSA,NASDAQ
EDTX,NASDAQ
EDTXU,NASDAQ
EDTXW,NASDAQ
EDUC,NASDAQ
EEFT,NASDAQ
EEI,NASDAQ
EEMA,NASDAQ
EFAS,NASDAQ
EFBI,NASDAQ
EFOI,NASDAQ
EFSC,NASDAQ
EGAN,NASDAQ
EGBN,NASDAQ
EGLE,NASDAQ
EGOV,NASDAQ
EGRX,NASDAQ
EHTH,NASDAQ
EIDX,NASDAQ
EIGI,NASDAQ
EIGR,NASDAQ
EKSO,NASDAQ
ELGX,NASDAQ
ELOX,NASDAQ
ELSE,NASDAQ
ELTK,NASDAQ
EMB,NASDAQ
EMCB,NASDAQ
EMCF,NASDAQ
EMCG,NASDAQ
EMIF,NASDAQ
EMKR,NASDAQ
EML,NASDAQ
EMMS,NASDAQ
EMXC,NASDAQ
ENDP,NASDAQ
ENFC,NASDAQ
ENG,NASDAQ
ENLV,NASDAQ
ENOB,NASDAQ
ENPH,NASDAQ
ENSG,NASDAQ
ENT,NASDAQ
ENTA,NASDAQ
ENTG,NASDAQ
ENTX,NASDAQ
ENTXW,NASDAQ
ENZL,NASDAQ
EOLS,NASDAQ
EPAY,NASDAQ
EPIX,NASDAQ
EPSN,NASDAQ
EPZM,NASDAQ
EQ,NASDAQ
EQBK,NASDAQ
EQRR,NASDAQ
ERI,NASDAQ
ERIC,NASDAQ
ERIE,NASDAQ
ERII,NASDAQ
ERYP,NASDAQ
ESBK,NASDAQ
ESCA,NASDAQ
ESEA,NASDAQ
ESGD,NASDAQ
ESGE,NASDAQ
ESGR,NASDAQ
ESGRO,NASDAQ
ESGRP,NASDAQ
ESGU,NASDAQ
ESLT,NASDAQ
ESPR,NASDAQ
ESQ,NASDAQ
ESSA,NASDAQ
ESTA,NASDAQ
ESTR,NASDAQ
ESTRW,NASDAQ
ESXB,NASDAQ
ETNB,NASDAQ
ETON,NASDAQ
ETSY,NASDAQ
ETTX,NASDAQ
EUFN,NASDAQ
EVBG,NASDAQ
EVER,NASDAQ
EVFM,NASDAQ
EVGBC,NASDAQ
EVGN,NASDAQ
EVK,NASDAQ
EVLMC,NASDAQ
EVLO,NASDAQ
EVOK,NASDAQ
EVOL,NASDAQ
EVOP,NASDAQ
EVSI,NASDAQ
EVSIW,NASDAQ
EVSTC,NASDAQ
EWBC,NASDAQ
EWJE,NASDAQ
EWJV,NASDAQ
EWZS,NASDAQ
EXAS,NASDAQ
EXEL,NASDAQ
EXFO,NASDAQ
EXLS,NASDAQ
EXPC,NASDAQ
EXPCU,NASDAQ
EXPCW,NASDAQ
EXPI,NASDAQ
EXPO,NASDAQ
EXTR,NASDAQ
EYE,NASDAQ
EYEG,NASDAQ
EYEGW,NASDAQ
EYEN,NASDAQ
EYES,NASDAQ
EYESW,NASDAQ
EYPT,NASDAQ
EZPW,NASDAQ
FAAR,NASDAQ
FAB,NASDAQ
FAD,NASDAQ
FALN,NASDAQ
FAMI,NASDAQ
FANH,NASDAQ
FARM,NASDAQ
FARO,NASDAQ
FAT,NASDAQ
FATE,NASDAQ
FBIO,NASDAQ
FBIOP,NASDAQ
FBIZ,NASDAQ
FBMS,NASDAQ
FBNC,NASDAQ
FBSS,NASDAQ
FBZ,NASDAQ
FCA,NASDAQ
FCAL,NASDAQ
FCAN,NASDAQ
FCAP,NASDAQ
FCBC,NASDAQ
FCBP,NASDAQ
FCCO,NASDAQ
FCCY,NASDAQ
FCEF,NASDAQ
FCEL,NASDAQ
FCFS,NASDAQ
FCNCA,NASDAQ
FCSC,NASDAQ
FCVT,NASDAQ
FDBC,NASDAQ
FDEF,NASDAQ
FDIV,NASDAQ
FDNI,NASDAQ
FDT,NASDAQ
FDTS,NASDAQ
FDUS,NASDAQ
FDUSG,NASDAQ
FDUSL,NASDAQ
FDUSZ,NASDAQ
FEIM,NASDAQ
FELE,NASDAQ
FEM,NASDAQ
FEMB,NASDAQ
FEMS,NASDAQ
FENC,NASDAQ
FEP,NASDAQ
FEUZ,NASDAQ
FEX,NASDAQ
FEYE,NASDAQ
FFBC,NASDAQ
FFBW,NASDAQ
FFHL,NASDAQ
FFIC,NASDAQ
FFIN,NASDAQ
FFNW,NASDAQ
FFWM,NASDAQ
FGBI,NASDAQ
FGEN,NASDAQ
FGM,NASDAQ
FHB,NASDAQ
FHK,NASDAQ
FIBK,NASDAQ
FID,NASDAQ
FINX,NASDAQ
FISI,NASDAQ
FITBI,NASDAQ
FITBO,NASDAQ
FITBP,NASDAQ
FIVE,NASDAQ
FIVN,NASDAQ
FIXD,NASDAQ
FIXX,NASDAQ
FIZZ,NASDAQ
FJP,NASDAQ
FKO,NASDAQ
FKU,NASDAQ
FLDM,NASDAQ
FLEX,NASDAQ
FLGT,NASDAQ
FLIC,NASDAQ
FLL,NASDAQ
FLLC,NASDAQ
FLLCR,NASDAQ
FLLCU,NASDAQ
FLLCW,NASDAQ
FLMN,NASDAQ
FLMNW,NASDAQ
FLN,NASDAQ
FLNT,NASDAQ
FLWS,NASDAQ
FLXN,NASDAQ
FLXS,NASDAQ
FMAO,NASDAQ
FMB,NASDAQ
FMBH,NASDAQ
FMBI,NASDAQ
FMCI,NASDAQ
FMCIU,NASDAQ
FMCIW,NASDAQ
FMHI,NASDAQ
FMK,NASDAQ
FMNB,NASDAQ
FNCB,NASDAQ
FNHC,NASDAQ
FNJN,NASDAQ
FNK,NASDAQ
FNKO,NASDAQ
FNLC,NASDAQ
FNWB,NASDAQ
FNX,NASDAQ
FNY,NASDAQ
FOCS,NASDAQ
FOLD,NASDAQ
FOMX,NASDAQ
FONR,NASDAQ
FORD,NASDAQ
FORK,NASDAQ
FORM,NASDAQ
FORR,NASDAQ
FORTY,NASDAQ
FOSL,NASDAQ
FOXF,NASDAQ
FPA,NASDAQ
FPAY,NASDAQ
FPAYW,NASDAQ
FPRX,NASDAQ
FPXE,NASDAQ
FPXI,NASDAQ
FRAF,NASDAQ
FRAN,NASDAQ
FRBA,NASDAQ
FRBK,NASDAQ
FREQ,NASDAQ
FRG,NASDAQ
FRGI,NASDAQ
FRHC,NASDAQ
FRME,NASDAQ
FRPH,NASDAQ
FRPT,NASDAQ
FRSX,NASDAQ
FRTA,NASDAQ
FSBC,NASDAQ
FSBW,NASDAQ
FSCT,NASDAQ
FSEA,NASDAQ
FSFG,NASDAQ
FSLR,NASDAQ
FSRVU,NASDAQ
FSTR,NASDAQ
FSV,NASDAQ
FSZ,NASDAQ
FTA,NASDAQ
FTAC,NASDAQ
FTACU,NASDAQ
FTACW,NASDAQ
FTAG,NASDAQ
FTC,NASDAQ
FTCS,NASDAQ
FTDR,NASDAQ
FTEK,NASDAQ
FTEO,NASDAQ
FTFT,NASDAQ
FTGC,NASDAQ
FTHI,NASDAQ
FTLB,NASDAQ
FTR,NASDAQ
FTRI,NASDAQ
FTSL,NASDAQ
FTSM,NASDAQ
FTSV,NASDAQ
FTXD,NASDAQ
FTXG,NASDAQ
FTXH,NASDAQ
FTXL,NASDAQ
FTXN,NASDAQ
FTXO,NASDAQ
FTXR,NASDAQ
FULC,NASDAQ
FULT,NASDAQ
FUNC,NASDAQ
FUND,NASDAQ
FUSB,NASDAQ
FUTU,NASDAQ
FUV,NASDAQ
FV,NASDAQ
FVC,NASDAQ
FVCB,NASDAQ
FVE,NASDAQ
FWONA,NASDAQ
FWONK,NASDAQ
FWP,NASDAQ
FWRD,NASDAQ
FXNC,NASDAQ
FYC,NASDAQ
FYT,NASDAQ
FYX,NASDAQ
GABC,NASDAQ
GAIA,NASDAQ
GAIN,NASDAQ
GAINL,NASDAQ
GAINM,NASDAQ
GALT,NASDAQ
GARS,NASDAQ
GASS,NASDAQ
GBCI,NASDAQ
GBDC,NASDAQ
GBLI,NASDAQ
GBLIL,NASDAQ
GBLIZ,NASDAQ
GBT,NASDAQ
GCBC,NASDAQ
GCVRZ,NASDAQ
GDEN,NASDAQ
GDS,NASDAQ
GEC,NASDAQ
GECC,NASDAQ
GECCL,NASDAQ
GECCM,NASDAQ
GECCN,NASDAQ
GEMP,NASDAQ
GENC,NASDAQ
GENE,NASDAQ
GENY,NASDAQ
GEOS,NASDAQ
GERN,NASDAQ
GEVO,NASDAQ
GFED,NASDAQ
GFN,NASDAQ
GFNCP,NASDAQ
GFNSL,NASDAQ
GGAL,NASDAQ
GH,NASDAQ
GHSI,NASDAQ
GIFI,NASDAQ
GIGE,NASDAQ
GIGM,NASDAQ
GIII,NASDAQ
GILT,NASDAQ
GLAD,NASDAQ
GLADD,NASDAQ
GLADL,NASDAQ
GLBS,NASDAQ
GLBZ,NASDAQ
GLDD,NASDAQ
GLDI,NASDAQ
GLG,NASDAQ
GLIBA,NASDAQ
GLIBP,NASDAQ
GLMD,NASDAQ
GLNG,NASDAQ
GLPG,NASDAQ
GLPI,NASDAQ
GLRE,NASDAQ
GLUU,NASDAQ
GLYC,NASDAQ
GMAB,NASDAQ
GMDA,NASDAQ
GMHI,NASDAQ
GMHIU,NASDAQ
GMHIW,NASDAQ
GMLP,NASDAQ
GMLPP,NASDAQ
GNCA,NASDAQ
GNFT,NASDAQ
GNLN,NASDAQ
GNMA,NASDAQ
GNMK,NASDAQ
GNMX,NASDAQ
GNOM,NASDAQ
GNPX,NASDAQ
GNSS,NASDAQ
GNTX,NASDAQ
GNTY,NASDAQ
GNUS,NASDAQ
GO,NASDAQ
GOGL,NASDAQ
GOGO,NASDAQ
GOOD,NASDAQ
GOODM,NASDAQ
GOODN,NASDAQ
GOSS,NASDAQ
GPAQ,NASDAQ
GPAQU,NASDAQ
GPAQW,NASDAQ
GPOR,NASDAQ
GPP,NASDAQ
GPRE,NASDAQ
GPRO,NASDAQ
GRBK,NASDAQ
GRFS,NASDAQ
GRID,NASDAQ
GRIF,NASDAQ
GRIN,NASDAQ
GRNQ,NASDAQ
GRNVU,NASDAQ
GROW,NASDAQ
GRPN,NASDAQ
GRSH,NASDAQ
GRSHU,NASDAQ
GRSHW,NASDAQ
GRTS,NASDAQ
GRTX,NASDAQ
GRVY,NASDAQ
GRWG,NASDAQ
GSBC,NASDAQ
GSHD,NASDAQ
GSIT,NASDAQ
GSKY,NASDAQ
GSM,NASDAQ
GSUM,NASDAQ
GT,NASDAQ
GTEC,NASDAQ
GTHX,NASDAQ
GTIM,NASDAQ
GTLS,NASDAQ
GTYH,NASDAQ
GULF,NASDAQ
GURE,NASDAQ
GVP,NASDAQ
GWGH,NASDAQ
GWPH,NASDAQ
GWRS,NASDAQ
GXGX,NASDAQ
GXGXU,NASDAQ
GXGXW,NASDAQ
GXTG,NASDAQ
GYRO,NASDAQ
HA,NASDAQ
HABT,NASDAQ
HAFC,NASDAQ
HAIN,NASDAQ
HALL,NASDAQ
HALO,NASDAQ
HAPP,NASDAQ
HARP,NASDAQ
HAYN,NASDAQ
HBANN,NASDAQ
HBANO,NASDAQ
HBCP,NASDAQ
HBIO,NASDAQ
HBMD,NASDAQ
HBNC,NASDAQ
HBP,NASDAQ
HBT,NASDAQ
HCAC,NASDAQ
HCACU,NASDAQ
HCACW,NASDAQ
HCAP,NASDAQ
HCAPZ,NASDAQ
HCAT,NASDAQ
HCCH,NASDAQ
HCCHR,NASDAQ
HCCHU,NASDAQ
HCCHW,NASDAQ
HCCI,NASDAQ
HCKT,NASDAQ
HCM,NASDAQ
HCSG,NASDAQ
HDS,NASDAQ
HDSN,NASDAQ
HEAR,NASDAQ
HEBT,NASDAQ
HEES,NASDAQ
HELE,NASDAQ
HEPA,NASDAQ
HERD,NASDAQ
HERO,NASDAQ
HEWG,NASDAQ
HFBL,NASDAQ
HFFG,NASDAQ
HFWA,NASDAQ
HGSH,NASDAQ
HHHH,NASDAQ
HHHHR,NASDAQ
HHHHU,NASDAQ
HHHHW,NASDAQ
HHR,NASDAQ
HHT,NASDAQ
HIBB,NASDAQ
HIFS,NASDAQ
HIHO,NASDAQ
HIIQ,NASDAQ
HIMX,NASDAQ
HJLI,NASDAQ
HJLIW,NASDAQ
HLAL,NASDAQ
HLG,NASDAQ
HLIO,NASDAQ
HLIT,NASDAQ
HLNE,NASDAQ
HMHC,NASDAQ
HMNF,NASDAQ
HMST,NASDAQ
HMSY,NASDAQ
HMTV,NASDAQ
HNDL,NASDAQ
HNNA,NASDAQ
HNRG,NASDAQ
HOFT,NASDAQ
HOLI,NASDAQ
HOMB,NASDAQ
HONE,NASDAQ
HOOK,NASDAQ
HOPE,NASDAQ
HOTH,NASDAQ
HOVNP,NASDAQ
HQI,NASDAQ
HQY,NASDAQ
HROW,NASDAQ
HRTX,NASDAQ
HRZN,NASDAQ
HSAC,NASDAQ
HSACU,NASDAQ
HSACW,NASDAQ
HSDT,NASDAQ
HSII,NASDAQ
HSKA,NASDAQ
HSON,NASDAQ
HSTM,NASDAQ
HTBI,NASDAQ
HTBK,NASDAQ
HTBX,NASDAQ
HTGM,NASDAQ
HTHT,NASDAQ
HTLD,NASDAQ
HTLF,NASDAQ
HUBG,NASDAQ
HURC,NASDAQ
HURN,NASDAQ
HVBC,NASDAQ
HWBK,NASDAQ
HWC,NASDAQ
HWCC,NASDAQ
HWCPL,NASDAQ
HWKN,NASDAQ
HX,NASDAQ
HYAC,NASDAQ
HYACU,NASDAQ
HYACW,NASDAQ
HYLS,NASDAQ
HYND,NASDAQ
HYRE,NASDAQ
HYXE,NASDAQ
HYZD,NASDAQ
HZNP,NASDAQ
IAC,NASDAQ
IART,NASDAQ
IBB,NASDAQ
IBCP,NASDAQ
IBKC,NASDAQ
IBKCN,NASDAQ
IBKCO,NASDAQ
IBKCP,NASDAQ
IBKR,NASDAQ
IBOC,NASDAQ
IBTX,NASDAQ
IBUY,NASDAQ
ICAD,NASDAQ
ICBK,NASDAQ
ICCC,NASDAQ
ICCH,NASDAQ
ICFI,NASDAQ
ICHR,NASDAQ
ICLK,NASDAQ
ICLN,NASDAQ
ICLR,NASDAQ
ICMB,NASDAQ
ICON,NASDAQ
ICPT,NASDAQ
ICUI,NASDAQ
IDCC,NASDAQ
IDEX,NASDAQ
IDLB,NASDAQ
IDRA,NASDAQ
IDSA,NASDAQ
IDXG,NASDAQ
IDYA,NASDAQ
IEA,NASDAQ
IEAWW,NASDAQ
IEF,NASDAQ
IEI,NASDAQ
IEP,NASDAQ
IESC,NASDAQ
IEUS,NASDAQ
IFEU,NASDAQ
IFGL,NASDAQ
IFMK,NASDAQ
IFRX,NASDAQ
IFV,NASDAQ
IGF,NASDAQ
IGIB,NASDAQ
IGMS,NASDAQ
IGOV,NASDAQ
IGSB,NASDAQ
IHRT,NASDAQ
III,NASDAQ
IIIN,NASDAQ
IIIV,NASDAQ
IIN,NASDAQ
IIVI,NASDAQ
IJT,NASDAQ
IKNX,NASDAQ
ILPT,NASDAQ
IMAC,NASDAQ
IMACW,NASDAQ
IMBI,NASDAQ
IMGN,NASDAQ
IMKTA,NASDAQ
IMMP,NASDAQ
IMMR,NASDAQ
IMMU,NASDAQ
IMOS,NASDAQ
IMRN,NASDAQ
IMRNW,NASDAQ
IMTE,NASDAQ
IMUX,NASDAQ
IMV,NASDAQ
IMXI,NASDAQ
INAP,NASDAQ
INBK,NASDAQ
INBKL,NASDAQ
INBKZ,NASDAQ
INDB,NASDAQ
INDY,NASDAQ
INFI,NASDAQ
INFN,NASDAQ
INFR,NASDAQ
INGN,NASDAQ
INMB,NASDAQ
INMD,NASDAQ
INNT,NASDAQ
INO,NASDAQ
INOD,NASDAQ
INOV,NASDAQ
INPX,NASDAQ
INSE,NASDAQ
INSG,NASDAQ
INSM,NASDAQ
INSU,NASDAQ
INSUU,NASDAQ
INSUW,NASDAQ
INTG,NASDAQ
INTL,NASDAQ
INVA,NASDAQ
INVE,NASDAQ
INWK,NASDAQ
IONS,NASDAQ
IOSP,NASDAQ
IOTS,NASDAQ
IOVA,NASDAQ
IPAR,NASDAQ
IPDN,NASDAQ
IPHA,NASDAQ
IPHS,NASDAQ
IPKW,NASDAQ
IPLDP,NASDAQ
IPWR,NASDAQ
IQ,NASDAQ
IRBT,NASDAQ
IRCP,NASDAQ
IRDM,NASDAQ
IRIX,NASDAQ
IRMD,NASDAQ
IROQ,NASDAQ
IRTC,NASDAQ
IRWD,NASDAQ
ISBC,NASDAQ
ISDS,NASDAQ
ISDX,NASDAQ
ISEE,NASDAQ
ISEM,NASDAQ
ISHG,NASDAQ
ISIG,NASDAQ
ISNS,NASDAQ
ISSC,NASDAQ
ISTB,NASDAQ
ISTR,NASDAQ
ITCI,NASDAQ
ITI,NASDAQ
ITIC,NASDAQ
ITMR,NASDAQ
ITRI,NASDAQ
ITRM,NASDAQ
ITRN,NASDAQ
IUS,NASDAQ
IUSB,NASDAQ
IUSG,NASDAQ
IUSS,NASDAQ
IUSV,NASDAQ
IVAC,NASDAQ
IXUS,NASDAQ
IZEA,NASDAQ
JACK,NASDAQ
JAGX,NASDAQ
JAKK,NASDAQ
JAN,NASDAQ
JASN,NASDAQ
JAZZ,NASDAQ
JBLU,NASDAQ
JBSS,NASDAQ
JCOM,NASDAQ
JCS,NASDAQ
JCTCF,NASDAQ
JD,NASDAQ
JFIN,NASDAQ
JFK,NASDAQ
JFKKR,NASDAQ
JFKKU,NASDAQ
JFKKW,NASDAQ
JFU,NASDAQ
JG,NASDAQ
JJSF,NASDAQ
JKI,NASDAQ
JMU,NASDAQ
JNCE,NASDAQ
JOBS,NASDAQ
JOUT,NASDAQ
JRJC,NASDAQ
JRSH,NASDAQ
JRVR,NASDAQ
JSM,NASDAQ
JSMD,NASDAQ
JSML,NASDAQ
JVA,NASDAQ
JYNT,NASDAQ
KALA,NASDAQ
KALU,NASDAQ
KALV,NASDAQ
KBAL,NASDAQ
KBLM,NASDAQ
KBLMR,NASDAQ
KBLMU,NASDAQ
KBLMW,NASDAQ
KBSF,NASDAQ
KBWB,NASDAQ
KBWD,NASDAQ
KBWP,NASDAQ
KBWR,NASDAQ
KBWY,NASDAQ
KCAPL,NASDAQ
KE,NASDAQ
KELYA,NASDAQ
KELYB,NASDAQ
KEQU,NASDAQ
KERN,NASDAQ
KERNW,NASDAQ
KFFB,NASDAQ
KFRC,NASDAQ
KGJI,NASDAQ
KIDS,NASDAQ
KIN,NASDAQ
KINS,NASDAQ
KIRK,NASDAQ
KLDO,NASDAQ
KLIC,NASDAQ
KLXE,NASDAQ
KMDA,NASDAQ
KMPH,NASDAQ
KNDI,NASDAQ
KNSA,NASDAQ
KNSL,NASDAQ
KOD,NASDAQ
KOPN,NASDAQ
KOSS,NASDAQ
KPTI,NASDAQ
KRKR,NASDAQ
KRMA,NASDAQ
KRMD,NASDAQ
KRNT,NASDAQ
KRNY,NASDAQ
KRTX,NASDAQ
KRUS,NASDAQ
KRYS,NASDAQ
KTCC,NASDAQ
KTOS,NASDAQ
KTOV,NASDAQ
KTOVW,NASDAQ
KURA,NASDAQ
KVHI,NASDAQ
KXIN,NASDAQ
KZIA,NASDAQ
KZR,NASDAQ
LACQ,NASDAQ
LACQU,NASDAQ
LACQW,NASDAQ
LAKE,NASDAQ
LAMR,NASDAQ
LANC,NASDAQ
LAND,NASDAQ
LANDP,NASDAQ
LARK,NASDAQ
LASR,NASDAQ
LATNU,NASDAQ
LAUR,NASDAQ
LAWS,NASDAQ
LAZY,NASDAQ
LBAI,NASDAQ
LBC,NASDAQ
LBRDA,NASDAQ
LBRDK,NASDAQ
LBTYA,NASDAQ
LBTYB,NASDAQ
LBTYK,NASDAQ
LCA,NASDAQ
LCAHU,NASDAQ
LCAHW,NASDAQ
LCNB,NASDAQ
LCUT,NASDAQ
LDRI,NASDAQ
LDSF,NASDAQ
LE,NASDAQ
LECO,NASDAQ
LEDS,NASDAQ
LEGH,NASDAQ
LEGR,NASDAQ
LEVL,NASDAQ
LFAC,NASDAQ
LFACU,NASDAQ
LFACW,NASDAQ
LFUS,NASDAQ
LFVN,NASDAQ
LGIH,NASDAQ
LGND,NASDAQ
LHCG,NASDAQ
LIFE,NASDAQ
LILA,NASDAQ
LILAK,NASDAQ
LINC,NASDAQ
LIND,NASDAQ
LIQT,NASDAQ
LITE,NASDAQ
LIVE,NASDAQ
LIVN,NASDAQ
LIVX,NASDAQ
LJPC,NASDAQ
LK,NASDAQ
LKCO,NASDAQ
LKFN,NASDAQ
LLIT,NASDAQ
LLNW,NASDAQ
LMAT,NASDAQ
LMB,NASDAQ
LMBS,NASDAQ
LMFA,NASDAQ
LMFAW,NASDAQ
LMNL,NASDAQ
LMNR,NASDAQ
LMNX,NASDAQ
LMRK,NASDAQ
LMRKN,NASDAQ
LMRKO,NASDAQ
LMRKP,NASDAQ
LMST,NASDAQ
LNDC,NASDAQ
LNGR,NASDAQ
LNTH,NASDAQ
LOAC,NASDAQ
LOACR,NASDAQ
LOACU,NASDAQ
LOACW,NASDAQ
LOAN,NASDAQ
LOB,NASDAQ
LOCO,NASDAQ
LOGC,NASDAQ
LOGI,NASDAQ
LOGM,NASDAQ
LONE,NASDAQ
LOOP,NASDAQ
LOPE,NASDAQ
LORL,NASDAQ
LOVE,NASDAQ
LPCN,NASDAQ
LPLA,NASDAQ
LPSN,NASDAQ
LPTH,NASDAQ
LPTX,NASDAQ
LQDA,NASDAQ
LQDT,NASDAQ
LRGE,NASDAQ
LSBK,NASDAQ
LSCC,NASDAQ
LSTR,NASDAQ
LSXMA,NASDAQ
LSXMB,NASDAQ
LSXMK,NASDAQ
LTBR,NASDAQ
LTRPA,NASDAQ
LTRPB,NASDAQ
LTRX,NASDAQ
LULU,NASDAQ
LUNA,NASDAQ
LVGO,NASDAQ
LVHD,NASDAQ
LWAY,NASDAQ
LX,NASDAQ
LXRX,NASDAQ
LYFT,NASDAQ
LYL,NASDAQ
LYTS,NASDAQ
MACK,NASDAQ
MAGS,NASDAQ
MANH,NASDAQ
MANT,NASDAQ
MARA,NASDAQ
MARK,NASDAQ
MARPS,NASDAQ
MASI,NASDAQ
MAT,NASDAQ
MATW,NASDAQ
MAYS,NASDAQ
MBB,NASDAQ
MBCN,NASDAQ
MBII,NASDAQ
MBIN,NASDAQ
MBINO,NASDAQ
MBINP,NASDAQ
MBIO,NASDAQ
MBOT,NASDAQ
MBRX,NASDAQ
MBSD,NASDAQ
MBUU,NASDAQ
MBWM,NASDAQ
MCBC,NASDAQ
MCBS,NASDAQ
MCEF,NASDAQ
MCEP,NASDAQ
MCFT,NASDAQ
MCHI,NASDAQ
MCHX,NASDAQ
MCMJU,NASDAQ
MCRB,NASDAQ
MCRI,NASDAQ
MDB,NASDAQ
MDCA,NASDAQ
MDCO,NASDAQ
MDGL,NASDAQ
MDGS,NASDAQ
MDGSW,NASDAQ
MDIV,NASDAQ
MDJH,NASDAQ
MDRR,NASDAQ
MDRX,NASDAQ
MDWD,NASDAQ
MEDP,NASDAQ
MEET,NASDAQ
MEIP,NASDAQ
MELI,NASDAQ
MEOH,NASDAQ
MERC,NASDAQ
MESA,NASDAQ
MESO,NASDAQ
METC,NASDAQ
MFIN,NASDAQ
MFINL,NASDAQ
MFNC,NASDAQ
MFSF,NASDAQ
MGEE,NASDAQ
MGEN,NASDAQ
MGI,NASDAQ
MGIC,NASDAQ
MGLN,NASDAQ
MGNX,NASDAQ
MGPI,NASDAQ
MGRC,NASDAQ
MGTA,NASDAQ
MGTX,NASDAQ
MGYR,NASDAQ
MHLD,NASDAQ
MICT,NASDAQ
MIDD,NASDAQ
MIK,NASDAQ
MILN,NASDAQ
MIME,NASDAQ
MIND,NASDAQ
MINDP,NASDAQ
MINI,NASDAQ
MIRM,NASDAQ
MIST,NASDAQ
MITK,NASDAQ
MITO,NASDAQ
MJCO,NASDAQ
MKGI,NASDAQ
MKSI,NASDAQ
MLAB,NASDAQ
MLCO,NASDAQ
MLHR,NASDAQ
MLND,NASDAQ
MLNT,NASDAQ
MLNX,NASDAQ
MLVF,NASDAQ
MMAC,NASDAQ
MMLP,NASDAQ
MMSI,NASDAQ
MMYT,NASDAQ
MNCL,NASDAQ
MNCLU,NASDAQ
MNCLW,NASDAQ
MNDO,NASDAQ
MNKD,NASDAQ
MNLO,NASDAQ
MNOV,NASDAQ
MNRO,NASDAQ
MNSB,NASDAQ
MNTA,NASDAQ
MNTX,NASDAQ
MOBL,NASDAQ
MOFG,NASDAQ
MOGO,NASDAQ
MOHO,NASDAQ
MOMO,NASDAQ
MOR,NASDAQ
MORF,NASDAQ
MORN,NASDAQ
MOSY,NASDAQ
MOTS,NASDAQ
MOXC,NASDAQ
MPAA,NASDAQ
MPB,NASDAQ
MPVD,NASDAQ
MPWR,NASDAQ
MRAM,NASDAQ
MRBK,NASDAQ
MRCC,NASDAQ
MRCCL,NASDAQ
MRCY,NASDAQ
MREO,NASDAQ
MRIN,NASDAQ
MRKR,NASDAQ
MRLN,NASDAQ
MRNA,NASDAQ
MRNS,NASDAQ
MRSN,NASDAQ
MRTN,NASDAQ
MRTX,NASDAQ
MRUS,NASDAQ
MRVL,NASDAQ
MSBF,NASDAQ
MSBI,NASDAQ
MSEX,NASDAQ
MSON,NASDAQ
MSTR,NASDAQ
MSVB,NASDAQ
MTBC,NASDAQ
MTBCP,NASDAQ
MTC,NASDAQ
MTCH,NASDAQ
MTEM,NASDAQ
MTEX,NASDAQ
MTFB,NASDAQ
MTFBW,NASDAQ
MTLS,NASDAQ
MTP,NASDAQ
MTRX,NASDAQ
MTSC,NASDAQ
MTSI,NASDAQ
MTSL,NASDAQ
MUDS,NASDAQ
MUDSU,NASDAQ
MUDSW,NASDAQ
MVBF,NASDAQ
MVIS,NASDAQ
MWK,NASDAQ
MYFW,NASDAQ
MYGN,NASDAQ
MYOK,NASDAQ
MYOS,NASDAQ
MYRG,NASDAQ
MYSZ,NASDAQ
MYT,NASDAQ
NAII,NASDAQ
NAKD,NASDAQ
NAOV,NASDAQ
NATH,NASDAQ
NATI,NASDAQ
NATR,NASDAQ
NAVI,NASDAQ
NBEV,NASDAQ
NBIX,NASDAQ
NBN,NASDAQ
NBRV,NASDAQ
NBSE,NASDAQ
NBTB,NASDAQ
NCBS,NASDAQ
NCMI,NASDAQ
NCNA,NASDAQ
NCSM,NASDAQ
NCTY,NASDAQ
NDLS,NASDAQ
NDRA,NASDAQ
NDRAW,NASDAQ
NDSN,NASDAQ
NEBU,NASDAQ
NEBUU,NASDAQ
NEBUW,NASDAQ
NEO,NASDAQ
NEOG,NASDAQ
NEON,NASDAQ
NEOS,NASDAQ
NEPH,NASDAQ
NEPT,NASDAQ
NERV,NASDAQ
NESR,NASDAQ
NESRW,NASDAQ
NETE,NASDAQ
NEWA,NASDAQ
NEWT,NASDAQ
NEWTI,NASDAQ
NEWTL,NASDAQ
NEXT,NASDAQ
NFBK,NASDAQ
NFE,NASDAQ
NFIN,NASDAQ
NFINU,NASDAQ
NFINW,NASDAQ
NFTY,NASDAQ
NGHC,NASDAQ
NGHCN,NASDAQ
NGHCO,NASDAQ
NGHCP,NASDAQ
NGHCZ,NASDAQ
NGM,NASDAQ
NH,NASDAQ
NHLD,NASDAQ
NHLDW,NASDAQ
NHTC,NASDAQ
NICE,NASDAQ
NICK,NASDAQ
NIHD,NASDAQ
NIU,NASDAQ
NK,NASDAQ
NKSH,NASDAQ
NKTR,NASDAQ
NLNK,NASDAQ
NLTX,NASDAQ
NMCI,NASDAQ
NMIH,NASDAQ
NMRD,NASDAQ
NMRK,NASDAQ
NNBR,NASDAQ
NNDM,NASDAQ
NODK,NASDAQ
NOVN,NASDAQ
NOVT,NASDAQ
NPA,NASDAQ
NPAUU,NASDAQ
NPAWW,NASDAQ
NRC,NASDAQ
NRIM,NASDAQ
NSEC,NASDAQ
NSIT,NASDAQ
NSSC,NASDAQ
NSTG,NASDAQ
NSYS,NASDAQ
NTCT,NASDAQ
NTEC,NASDAQ
NTES,NASDAQ
NTGN,NASDAQ
NTGR,NASDAQ
NTIC,NASDAQ
NTLA,NASDAQ
NTNX,NASDAQ
NTRA,NASDAQ
NTRP,NASDAQ
NTRSO,NASDAQ
NTRSP,NASDAQ
NTUS,NASDAQ
NTWK,NASDAQ
NUAN,NASDAQ
NURO,NASDAQ
NUROW,NASDAQ
NUVA,NASDAQ
NVAX,NASDAQ
NVCN,NASDAQ
NVCR,NASDAQ
NVEC,NASDAQ
NVEE,NASDAQ
NVFY,NASDAQ
NVIV,NASDAQ
NVMI,NASDAQ
NVUS,NASDAQ
NWBI,NASDAQ
NWFL,NASDAQ
NWLI,NASDAQ
NWPX,NASDAQ
NXGN,NASDAQ
NXPI,NASDAQ
NXST,NASDAQ
NXTC,NASDAQ
NXTD,NASDAQ
NXTG,NASDAQ
NYMT,NASDAQ
NYMTM,NASDAQ
NYMTN,NASDAQ
NYMTO,NASDAQ
NYMTP,NASDAQ
NYMX,NASDAQ
OBAS,NASDAQ
OBCI,NASDAQ
OBLN,NASDAQ
OBNK,NASDAQ
OBSV,NASDAQ
OCC,NASDAQ
OCCI,NASDAQ
OCCIP,NASDAQ
OCFC,NASDAQ
OCGN,NASDAQ
OCSI,NASDAQ
OCSL,NASDAQ
OCSLL,NASDAQ
OCUL,NASDAQ
ODFL,NASDAQ
ODP,NASDAQ
ODT,NASDAQ
OESX,NASDAQ
OFED,NASDAQ
OFIX,NASDAQ
OFLX,NASDAQ
OFS,NASDAQ
OFSSI,NASDAQ
OFSSL,NASDAQ
OFSSZ,NASDAQ
OGI,NASDAQ
OHAI,NASDAQ
OIIM,NASDAQ
OKTA,NASDAQ
OLD,NASDAQ
OLED,NASDAQ
OLLI,NASDAQ
OMAB,NASDAQ
OMCL,NASDAQ
OMER,NASDAQ
OMEX,NASDAQ
ON,NASDAQ
ONB,NASDAQ
ONCE,NASDAQ
ONCS,NASDAQ
ONCT,NASDAQ
ONCY,NASDAQ
ONEQ,NASDAQ
ONTX,NASDAQ
ONTXW,NASDAQ
ONVO,NASDAQ
OPB,NASDAQ
OPBK,NASDAQ
OPES,NASDAQ
OPESU,NASDAQ
OPESW,NASDAQ
OPGN,NASDAQ
OPGNW,NASDAQ
OPHC,NASDAQ
OPI,NASDAQ
OPINI,NASDAQ
OPK,NASDAQ
OPNT,NASDAQ
OPOF,NASDAQ
OPRA,NASDAQ
OPRT,NASDAQ
OPRX,NASDAQ
OPTN,NASDAQ
OPTT,NASDAQ
ORBC,NASDAQ
ORG,NASDAQ
ORGO,NASDAQ
ORGS,NASDAQ
ORMP,NASDAQ
ORRF,NASDAQ
ORSN,NASDAQ
ORSNR,NASDAQ
ORSNU,NASDAQ
ORSNW,NASDAQ
ORTX,NASDAQ
OSBC,NASDAQ
OSBCP,NASDAQ
OSIS,NASDAQ
OSMT,NASDAQ
OSN,NASDAQ
OSPN,NASDAQ
OSS,NASDAQ
OSTK,NASDAQ
OSUR,NASDAQ
OSW,NASDAQ
OTEL,NASDAQ
OTEX,NASDAQ
OTIC,NASDAQ
OTLK,NASDAQ
OTLKW,NASDAQ
OTTR,NASDAQ
OTTW,NASDAQ
OVBC,NASDAQ
OVID,NASDAQ
OVLY,NASDAQ
OXBR,NASDAQ
OXBRW,NASDAQ
OXFD,NASDAQ
OXLC,NASDAQ
OXLCM,NASDAQ
OXLCO,NASDAQ
OXSQ,NASDAQ
OXSQL,NASDAQ
OXSQZ,NASDAQ
OYST,NASDAQ
OZK,NASDAQ
PAAC,NASDAQ
PAACR,NASDAQ
PAACU,NASDAQ
PAACW,NASDAQ
PAAS,NASDAQ
PACB,NASDAQ
PACQ,NASDAQ
PACQU,NASDAQ
PACQW,NASDAQ
PACW,NASDAQ
PAHC,NASDAQ
PANL,NASDAQ
PATI,NASDAQ
PATK,NASDAQ
PAVM,NASDAQ
PAVMW,NASDAQ
PAVMZ,NASDAQ
PAYS,NASDAQ
PBBI,NASDAQ
PBCTP,NASDAQ
PBFS,NASDAQ
PBHC,NASDAQ
PBIP,NASDAQ
PBPB,NASDAQ
PBTS,NASDAQ
PBYI,NASDAQ
PCB,NASDAQ
PCH,NASDAQ
PCOM,NASDAQ
PCRX,NASDAQ
PCSB,NASDAQ
PCTI,NASDAQ
PCTY,NASDAQ
PCYG,NASDAQ
PCYO,NASDAQ
PDBC,NASDAQ
PDCE,NASDAQ
PDCO,NASDAQ
PDD,NASDAQ
PDEV,NASDAQ
PDEX,NASDAQ
PDFS,NASDAQ
PDLB,NASDAQ
PDLI,NASDAQ
PDP,NASDAQ
PDSB,NASDAQ
PEBK,NASDAQ
PEBO,NASDAQ
PECK,NASDAQ
PEGA,NASDAQ
PEGI,NASDAQ
PEIX,NASDAQ
PENN,NASDAQ
PERI,NASDAQ
PESI,NASDAQ
PETQ,NASDAQ
PETS,NASDAQ
PETZ,NASDAQ
PEY,NASDAQ
PEZ,NASDAQ
PFBC,NASDAQ
PFBI,NASDAQ
PFF,NASDAQ
PFI,NASDAQ
PFIE,NASDAQ
PFIN,NASDAQ
PFIS,NASDAQ
PFLT,NASDAQ
PFM,NASDAQ
PFMT,NASDAQ
PFPT,NASDAQ
PFSW,NASDAQ
PGC,NASDAQ
PGJ,NASDAQ
PGNX,NASDAQ
PGNY,NASDAQ
PHAS,NASDAQ
PHAT,NASDAQ
PHCF,NASDAQ
PHIO,NASDAQ
PHIOW,NASDAQ
PHO,NASDAQ
PHUN,NASDAQ
PHUNW,NASDAQ
PI,NASDAQ
PICO,NASDAQ
PID,NASDAQ
PIE,NASDAQ
PIH,NASDAQ
PIHPP,NASDAQ
PINC,NASDAQ
PIO,NASDAQ
PIRS,NASDAQ
PIXY,NASDAQ
PIZ,NASDAQ
PKBK,NASDAQ
PKOH,NASDAQ
PKW,NASDAQ
PLAB,NASDAQ
PLAY,NASDAQ
PLBC,NASDAQ
PLC,NASDAQ
PLCE,NASDAQ
PLIN,NASDAQ
PLL,NASDAQ
PLMR,NASDAQ
PLPC,NASDAQ
PLSE,NASDAQ
PLUG,NASDAQ
PLUS,NASDAQ
PLW,NASDAQ
PLXP,NASDAQ
PLXS,NASDAQ
PLYA,NASDAQ
PMBC,NASDAQ
PMD,NASDAQ
PME,NASDAQ
PMOM,NASDAQ
PMTS,NASDAQ
PNBK,NASDAQ
PNFP,NASDAQ
PNNT,NASDAQ
PNNTG,NASDAQ
PNQI,NASDAQ
PNRG,NASDAQ
PNRL,NASDAQ
PNTG,NASDAQ
POAI,NASDAQ
PODD,NASDAQ
POLA,NASDAQ
POOL,NASDAQ
POPE,NASDAQ
POTX,NASDAQ
POWI,NASDAQ
POWL,NASDAQ
PPBI,NASDAQ
PPC,NASDAQ
PPH,NASDAQ
PPHI,NASDAQ
PPIH,NASDAQ
PPSI,NASDAQ
PRAA,NASDAQ
PRAH,NASDAQ
PRCP,NASDAQ
PRFT,NASDAQ
PRFZ,NASDAQ
PRGS,NASDAQ
PRGX,NASDAQ
PRIM,NASDAQ
PRMW,NASDAQ
PRN,NASDAQ
PRNB,NASDAQ
PROF,NASDAQ
PROV,NASDAQ
PRPH,NASDAQ
PRPL,NASDAQ
PRPO,NASDAQ
PRQR,NASDAQ
PRSC,NASDAQ
PRTA,NASDAQ
PRTH,NASDAQ
PRTK,NASDAQ
PRTO,NASDAQ
PRTS,NASDAQ
PRVB,NASDAQ
PRVL,NASDAQ
PS,NASDAQ
PSC,NASDAQ
PSCC,NASDAQ
PSCD,NASDAQ
PSCE,NASDAQ
PSCF,NASDAQ
PSCH,NASDAQ
PSCI,NASDAQ
PSCM,NASDAQ
PSCT,NASDAQ
PSCU,NASDAQ
PSDO,NASDAQ
PSEC,NASDAQ
PSET,NASDAQ
PSL,NASDAQ
PSM,NASDAQ
PSMT,NASDAQ
PSNL,NASDAQ
PSTI,NASDAQ
PSTV,NASDAQ
PSTVZ,NASDAQ
PT,NASDAQ
PTACU,NASDAQ
PTC,NASDAQ
PTCT,NASDAQ
PTE,NASDAQ
PTEN,NASDAQ
PTF,NASDAQ
PTGX,NASDAQ
PTH,NASDAQ
PTI,NASDAQ
PTLA,NASDAQ
PTMN,NASDAQ
PTNR,NASDAQ
PTON,NASDAQ
PTSI,NASDAQ
PTVCA,NASDAQ
PTVCB,NASDAQ
PUB,NASDAQ
PUI,NASDAQ
PULM,NASDAQ
PUYI,NASDAQ
PVAC,NASDAQ
PVAL,NASDAQ
PVBC,NASDAQ
PWFL,NASDAQ
PWOD,NASDAQ
PXI,NASDAQ
PXLW,NASDAQ
PXS,NASDAQ
PY,NASDAQ
PYZ,NASDAQ
PZZA,NASDAQ
QABA,NASDAQ
QADA,NASDAQ
QADB,NASDAQ
QAT,NASDAQ
QBAK,NASDAQ
QCLN,NASDAQ
QCRH,NASDAQ
QDEL,NASDAQ
QFIN,NASDAQ
QIWI,NASDAQ
QK,NASDAQ
QLYS,NASDAQ
QNST,NASDAQ
QQEW,NASDAQ
QQQ,NASDAQ
QQQX,NASDAQ
QQXT,NASDAQ
QRHC,NASDAQ
QRTEA,NASDAQ
QRTEB,NASDAQ
QTEC,NASDAQ
QTNT,NASDAQ
QTRH,NASDAQ
QTRX,NASDAQ
QTT,NASDAQ
QUIK,NASDAQ
QUMU,NASDAQ
QURE,NASDAQ
QYLD,NASDAQ
RADA,NASDAQ
RAIL,NASDAQ
RAND,NASDAQ
RAPT,NASDAQ
RARE,NASDAQ
RARX,NASDAQ
RAVE,NASDAQ
RAVN,NASDAQ
RBB,NASDAQ
RBBN,NASDAQ
RBCAA,NASDAQ
RBCN,NASDAQ
RBKB,NASDAQ
RBNC,NASDAQ
RBZ,NASDAQ
RCEL,NASDAQ
RCII,NASDAQ
RCKT,NASDAQ
RCKY,NASDAQ
RCM,NASDAQ
RCMT,NASDAQ
RCON,NASDAQ
RDCM,NASDAQ
RDFN,NASDAQ
RDHL,NASDAQ
RDI,NASDAQ
RDIB,NASDAQ
RDNT,NASDAQ
RDUS,NASDAQ
RDVT,NASDAQ
RDVY,NASDAQ
RDWR,NASDAQ
REAL,NASDAQ
RECN,NASDAQ
REDU,NASDAQ
REED,NASDAQ
REFR,NASDAQ
REGI,NASDAQ
REKR,NASDAQ
RELL,NASDAQ
RELV,NASDAQ
REPH,NASDAQ
REPL,NASDAQ
RESN,NASDAQ
RETA,NASDAQ
RETO,NASDAQ
REXN,NASDAQ
RFAP,NASDAQ
RFDI,NASDAQ
RFEM,NASDAQ
RFEU,NASDAQ
RFIL,NASDAQ
RGCO,NASDAQ
RGEN,NASDAQ
RGLD,NASDAQ
RGLS,NASDAQ
RGNX,NASDAQ
RIBT,NASDAQ
RICK,NASDAQ
RIGL,NASDAQ
RILY,NASDAQ
RILYG,NASDAQ
RILYH,NASDAQ
RILYI,NASDAQ
RILYL,NASDAQ
RILYN,NASDAQ
RILYO,NASDAQ
RILYP,NASDAQ
RILYZ,NASDAQ
RING,NASDAQ
RIOT,NASDAQ
RIVE,NASDAQ
RKDA,NASDAQ
RLMD,NASDAQ
RMBI,NASDAQ
RMBL,NASDAQ
RMBS,NASDAQ
RMCF,NASDAQ
RMNI,NASDAQ
RMR,NASDAQ
RMTI,NASDAQ
RNDB,NASDAQ
RNDM,NASDAQ
RNDV,NASDAQ
RNEM,NASDAQ
RNET,NASDAQ
RNLC,NASDAQ
RNMC,NASDAQ
RNSC,NASDAQ
RNST,NASDAQ
RNWK,NASDAQ
ROAD,NASDAQ
ROBT,NASDAQ
ROCK,NASDAQ
ROIC,NASDAQ
ROKU,NASDAQ
ROLL,NASDAQ
ROSE,NASDAQ
ROSEU,NASDAQ
ROSEW,NASDAQ
RP,NASDAQ
RPAY,NASDAQ
RPD,NASDAQ
RRBI,NASDAQ
RRGB,NASDAQ
RRR,NASDAQ
RTIX,NASDAQ
RTLR,NASDAQ
RTRX,NASDAQ
RTTR,NASDAQ
RUBY,NASDAQ
RUHN,NASDAQ
RUN,NASDAQ
RUSHA,NASDAQ
RUSHB,NASDAQ
RUTH,NASDAQ
RVNC,NASDAQ
RVSB,NASDAQ
RWLK,NASDAQ
RYAAY,NASDAQ
RYTM,NASDAQ
SABR,NASDAQ
SAEX,NASDAQ
SAFM,NASDAQ
SAFT,NASDAQ
SAGE,NASDAQ
SAIA,NASDAQ
SAL,NASDAQ
SALM,NASDAQ
SAMA,NASDAQ
SAMAU,NASDAQ
SAMAW,NASDAQ
SAMG,NASDAQ
SANM,NASDAQ
SANW,NASDAQ
SAQNU,NASDAQ
SASR,NASDAQ
SATS,NASDAQ
SAUC,NASDAQ
SAVA,NASDAQ
SBBP,NASDAQ
SBBX,NASDAQ
SBCF,NASDAQ
SBFG,NASDAQ
SBFGP,NASDAQ
SBGI,NASDAQ
SBLK,NASDAQ
SBLKZ,NASDAQ
SBNY,NASDAQ
SBPH,NASDAQ
SBRA,NASDAQ
SBSI,NASDAQ
SBT,NASDAQ
SCHL,NASDAQ
SCHN,NASDAQ
SCKT,NASDAQ
SCON,NASDAQ
SCOR,NASDAQ
SCPH,NASDAQ
SCPL,NASDAQ
SCSC,NASDAQ
SCVL,NASDAQ
SCWX,NASDAQ
SCYX,NASDAQ
SCZ,NASDAQ
SDC,NASDAQ
SDG,NASDAQ
SDVY,NASDAQ
SEAC,NASDAQ
SECO,NASDAQ
SEDG,NASDAQ
SEED,NASDAQ
SEEL,NASDAQ
SEIC,NASDAQ
SELB,NASDAQ
SELF,NASDAQ
SENEA,NASDAQ
SENEB,NASDAQ
SES,NASDAQ
SESN,NASDAQ
SFBC,NASDAQ
SFBS,NASDAQ
SFET,NASDAQ
SFIX,NASDAQ
SFM,NASDAQ
SFNC,NASDAQ
SFST,NASDAQ
SG,NASDAQ
SGA,NASDAQ
SGBX,NASDAQ
SGC,NASDAQ
SGEN,NASDAQ
SGH,NASDAQ
SGLB,NASDAQ
SGLBW,NASDAQ
SGMA,NASDAQ
SGMO,NASDAQ
SGMS,NASDAQ
SGOC,NASDAQ
SGRP,NASDAQ
SGRY,NASDAQ
SHBI,NASDAQ
SHEN,NASDAQ
SHIP,NASDAQ
SHIPW,NASDAQ
SHIPZ,NASDAQ
SHLO,NASDAQ
SHOO,NASDAQ
SHSP,NASDAQ
SHV,NASDAQ
SHY,NASDAQ
SIBN,NASDAQ
SIC,NASDAQ
SIEB,NASDAQ
SIEN,NASDAQ
SIFY,NASDAQ
SIGA,NASDAQ
SIGI,NASDAQ
SILC,NASDAQ
SILK,NASDAQ
SIMO,NASDAQ
SINA,NASDAQ
SINO,NASDAQ
SINT,NASDAQ
SIRI,NASDAQ
SITM,NASDAQ
SITO,NASDAQ
SKOR,NASDAQ
SKYS,NASDAQ
SKYW,NASDAQ
SKYY,NASDAQ
SLAB,NASDAQ
SLCT,NASDAQ
SLDB,NASDAQ
SLGG,NASDAQ
SLGL,NASDAQ
SLGN,NASDAQ
SLIM,NASDAQ
SLM,NASDAQ
SLMBP,NASDAQ
SLNO,NASDAQ
SLP,NASDAQ
SLQD,NASDAQ
SLRC,NASDAQ
SLRX,NASDAQ
SLS,NASDAQ
SLVO,NASDAQ
SMBC,NASDAQ
SMBK,NASDAQ
SMCP,NASDAQ
SMED,NASDAQ
SMIT,NASDAQ
SMMC,NASDAQ
SMMCU,NASDAQ
SMMCW,NASDAQ
SMMF,NASDAQ
SMMT,NASDAQ
SMPL,NASDAQ
SMRT,NASDAQ
SMSI,NASDAQ
SMTC,NASDAQ
SMTX,NASDAQ
SNBR,NASDAQ
SNCA,NASDAQ
SNCR,NASDAQ
SND,NASDAQ
SNDE,NASDAQ
SNDL,NASDAQ
SNDX,NASDAQ
SNES,NASDAQ
SNFCA,NASDAQ
SNGX,NASDAQ
SNGXW,NASDAQ
SNH,NASDAQ
SNHNI,NASDAQ
SNHNL,NASDAQ
SNLN,NASDAQ
SNNA,NASDAQ
SNOA,NASDAQ
SNOAW,NASDAQ
SNSR,NASDAQ
SNSS,NASDAQ
SNY,NASDAQ
SOCL,NASDAQ
SOHO,NASDAQ
SOHOB,NASDAQ
SOHON,NASDAQ
SOHOO,NASDAQ
SOHU,NASDAQ
SOLO,NASDAQ
SOLOW,NASDAQ
SOLY,NASDAQ
SONA,NASDAQ
SONG,NASDAQ
SONGW,NASDAQ
SONM,NASDAQ
SONO,NASDAQ
SORL,NASDAQ
SOXX,NASDAQ
SP,NASDAQ
SPAR,NASDAQ
SPCB,NASDAQ
SPEX,NASDAQ
SPFI,NASDAQ
SPHS,NASDAQ
SPI,NASDAQ
SPKE,NASDAQ
SPKEP,NASDAQ
SPLK,NASDAQ
SPNE,NASDAQ
SPNS,NASDAQ
SPOK,NASDAQ
SPPI,NASDAQ
SPRO,NASDAQ
SPRT,NASDAQ
SPSC,NASDAQ
SPTN,NASDAQ
SPWH,NASDAQ
SPWR,NASDAQ
SQBG,NASDAQ
SQLV,NASDAQ
SQQQ,NASDAQ
SRACU,NASDAQ
SRAX,NASDAQ
SRCE,NASDAQ
SRCL,NASDAQ
SRDX,NASDAQ
SRET,NASDAQ
SREV,NASDAQ
SRNE,NASDAQ
SRPT,NASDAQ
SRRA,NASDAQ
SRRK,NASDAQ
SRTS,NASDAQ
SRTSW,NASDAQ
SSB,NASDAQ
SSBI,NASDAQ
SSKN,NASDAQ
SSNC,NASDAQ
SSNT,NASDAQ
SSP,NASDAQ
SSPK,NASDAQ
SSPKU,NASDAQ
SSPKW,NASDAQ
SSRM,NASDAQ
SSSS,NASDAQ
SSTI,NASDAQ
SSYS,NASDAQ
STAA,NASDAQ
STAF,NASDAQ
STAY,NASDAQ
STBA,NASDAQ
STCN,NASDAQ
STFC,NASDAQ
STIM,NASDAQ
STKL,NASDAQ
STKS,NASDAQ
STLD,NASDAQ
STML,NASDAQ
STMP,NASDAQ
STND,NASDAQ
STNE,NASDAQ
STOK,NASDAQ
STRA,NASDAQ
STRL,NASDAQ
STRM,NASDAQ
STRO,NASDAQ
STRS,NASDAQ
STRT,NASDAQ
STSA,NASDAQ
STXB,NASDAQ
SUMR,NASDAQ
SUNS,NASDAQ
SUNW,NASDAQ
SUPN,NASDAQ
SURF,NASDAQ
SUSB,NASDAQ
SUSC,NASDAQ
SUSL,NASDAQ
SVA,NASDAQ
SVBI,NASDAQ
SVC,NASDAQ
SVMK,NASDAQ
SVRA,NASDAQ
SVVC,NASDAQ
SWAV,NASDAQ
SWIR,NASDAQ
SWTX,NASDAQ
SXTC,NASDAQ
SY,NASDAQ
SYBT,NASDAQ
SYBX,NASDAQ
SYKE,NASDAQ
SYNA,NASDAQ
SYNC,NASDAQ
SYNH,NASDAQ
SYNL,NASDAQ
SYPR,NASDAQ
SYRS,NASDAQ
TA,NASDAQ
TACO,NASDAQ
TACOW,NASDAQ
TACT,NASDAQ
TAIT,NASDAQ
TANH,NASDAQ
TANNI,NASDAQ
TANNL,NASDAQ
TANNZ,NASDAQ
TAOP,NASDAQ
TAST,NASDAQ
TATT,NASDAQ
TAYD,NASDAQ
TBBK,NASDAQ
TBIO,NASDAQ
TBK,NASDAQ
TBLT,NASDAQ
TBLTW,NASDAQ
TBNK,NASDAQ
TBPH,NASDAQ
TC,NASDAQ
TCBI,NASDAQ
TCBIL,NASDAQ
TCBIP,NASDAQ
TCBK,NASDAQ
TCCO,NASDAQ
TCDA,NASDAQ
TCF,NASDAQ
TCFC,NASDAQ
TCFCP,NASDAQ
TCMD,NASDAQ
TCOM,NASDAQ
TCON,NASDAQ
TCPC,NASDAQ
TCRD,NASDAQ
TCRR,NASDAQ
TCX,NASDAQ
TDAC,NASDAQ
TDACU,NASDAQ
TDACW,NASDAQ
TDIV,NASDAQ
TEAM,NASDAQ
TECD,NASDAQ
TECH,NASDAQ
TECTP,NASDAQ
TEDU,NASDAQ
TELA,NASDAQ
TELL,NASDAQ
TENB,NASDAQ
TENX,NASDAQ
TER,NASDAQ
TERP,NASDAQ
TESS,NASDAQ
TEUM,NASDAQ
TFFP,NASDAQ
TFSL,NASDAQ
TGA,NASDAQ
TGEN,NASDAQ
TGLS,NASDAQ
TGTX,NASDAQ
TH,NASDAQ
THBR,NASDAQ
THBRU,NASDAQ
THBRW,NASDAQ
THCA,NASDAQ
THCAU,NASDAQ
THCAW,NASDAQ
THCB,NASDAQ
THCBU,NASDAQ
THCBW,NASDAQ
THFF,NASDAQ
THMO,NASDAQ
THOR,NASDAQ
THRM,NASDAQ
THTX,NASDAQ
THWWW,NASDAQ
TIBR,NASDAQ
TIBRU,NASDAQ
TIBRW,NASDAQ
TIGO,NASDAQ
TIGR,NASDAQ
TILE,NASDAQ
TIPT,NASDAQ
TITN,NASDAQ
TIVO,NASDAQ
TKKS,NASDAQ
TKKSR,NASDAQ
TKKSU,NASDAQ
TKKSW,NASDAQ
TLC,NASDAQ
TLF,NASDAQ
TLGT,NASDAQ
TLND,NASDAQ
TLRY,NASDAQ
TLSA,NASDAQ
TLT,NASDAQ
TMDI,NASDAQ
TMDX,NASDAQ
TMSR,NASDAQ
TNAV,NASDAQ
TNDM,NASDAQ
TNXP,NASDAQ
TOCA,NASDAQ
TOPS,NASDAQ
TORC,NASDAQ
TOTA,NASDAQ
TOTAR,NASDAQ
TOTAU,NASDAQ
TOTAW,NASDAQ
TOUR,NASDAQ
TOWN,NASDAQ
TPCO,NASDAQ
TPIC,NASDAQ
TPTX,NASDAQ
TQQQ,NASDAQ
TRCB,NASDAQ
TRCH,NASDAQ
TREE,NASDAQ
TRHC,NASDAQ
TRIB,NASDAQ
TRIL,NASDAQ
TRMB,NASDAQ
TRMD,NASDAQ
TRMK,NASDAQ
TRMT,NASDAQ
TRNS,NASDAQ
TRNX,NASDAQ
TROV,NASDAQ
TRPX,NASDAQ
TRS,NASDAQ
TRST,NASDAQ
TRUE,NASDAQ
TRUP,NASDAQ
TRVG,NASDAQ
TRVI,NASDAQ
TRVN,NASDAQ
TSBK,NASDAQ
TSC,NASDAQ
TSCAP,NASDAQ
TSCBP,NASDAQ
TSEM,NASDAQ
TSG,NASDAQ
TSLA,NASDAQ
TSRI,NASDAQ
TTD,NASDAQ
TTEC,NASDAQ
TTEK,NASDAQ
TTGT,NASDAQ
TTMI,NASDAQ
TTNP,NASDAQ
TTOO,NASDAQ
TTPH,NASDAQ
TTTN,NASDAQ
TUES,NASDAQ
TUR,NASDAQ
TURN,NASDAQ
TUSA,NASDAQ
TUSK,NASDAQ
TVIX,NASDAQ
TVTY,NASDAQ
TW,NASDAQ
TWIN,NASDAQ
TWMC,NASDAQ
TWNK,NASDAQ
TWNKW,NASDAQ
TWOU,NASDAQ
TWST,NASDAQ
TXG,NASDAQ
TXMD,NASDAQ
TXRH,NASDAQ
TYHT,NASDAQ
TYME,NASDAQ
TZAC,NASDAQ
TZACU,NASDAQ
TZACW,NASDAQ
TZOO,NASDAQ
UAE,NASDAQ
UBCP,NASDAQ
UBFO,NASDAQ
UBIO,NASDAQ
UBOH,NASDAQ
UBSI,NASDAQ
UBX,NASDAQ
UCBI,NASDAQ
UCFC,NASDAQ
UCTT,NASDAQ
UEIC,NASDAQ
UEPS,NASDAQ
UFCS,NASDAQ
UFPI,NASDAQ
UFPT,NASDAQ
UG,NASDAQ
UGLD,NASDAQ
UHAL,NASDAQ
UIHC,NASDAQ
ULBI,NASDAQ
ULH,NASDAQ
UMBF,NASDAQ
UMPQ,NASDAQ
UMRX,NASDAQ
UNAM,NASDAQ
UNB,NASDAQ
UNIT,NASDAQ
UNTY,NASDAQ
UONE,NASDAQ
UONEK,NASDAQ
UPLD,NASDAQ
UPWK,NASDAQ
URBN,NASDAQ
URGN,NASDAQ
UROV,NASDAQ
USAK,NASDAQ
USAP,NASDAQ
USAU,NASDAQ
USCR,NASDAQ
USEG,NASDAQ
USIG,NASDAQ
USIO,NASDAQ
USLB,NASDAQ
USLM,NASDAQ
USLV,NASDAQ
USMC,NASDAQ
USOI,NASDAQ
USWS,NASDAQ
USWSW,NASDAQ
UTHR,NASDAQ
UTMD,NASDAQ
UTSI,NASDAQ
UVSP,NASDAQ
UXIN,NASDAQ
VALU,NASDAQ
VALX,NASDAQ
VBFC,NASDAQ
VBIV,NASDAQ
VBLT,NASDAQ
VBTX,NASDAQ
VC,NASDAQ
VCEL,NASDAQ
VCIT,NASDAQ
VCLT,NASDAQ
VCNX,NASDAQ
VCSH,NASDAQ
VCTR,NASDAQ
VCYT,NASDAQ
VECO,NASDAQ
VEON,NASDAQ
VERB,NASDAQ
VERBW,NASDAQ
VERI,NASDAQ
VERO,NASDAQ
VERU,NASDAQ
VERY,NASDAQ
VETS,NASDAQ
VFF,NASDAQ
VGIT,NASDAQ
VGLT,NASDAQ
VGSH,NASDAQ
VIA,NASDAQ
VIAV,NASDAQ
VICR,NASDAQ
VIE,NASDAQ
VIGI,NASDAQ
VIIX,NASDAQ
VIOT,NASDAQ
VIR,NASDAQ
VIRC,NASDAQ
VIRT,NASDAQ
VISL,NASDAQ
VIVE,NASDAQ
VIVO,NASDAQ
VKTX,NASDAQ
VKTXW,NASDAQ
VLGEA,NASDAQ
VLRX,NASDAQ
VLY,NASDAQ
VLYPO,NASDAQ
VLYPP,NASDAQ
VMBS,NASDAQ
VMD,NASDAQ
VNDA,NASDAQ
VNET,NASDAQ
VNOM,NASDAQ
VNQI,NASDAQ
VOD,NASDAQ
VONE,NASDAQ
VONG,NASDAQ
VONV,NASDAQ
VOXX,NASDAQ
VRA,NASDAQ
VRAY,NASDAQ
VRCA,NASDAQ
VREX,NASDAQ
VRIG,NASDAQ
VRML,NASDAQ
VRNA,NASDAQ
VRNS,NASDAQ
VRNT,NASDAQ
VRRM,NASDAQ
VRTS,NASDAQ
VRTSP,NASDAQ
VRTU,NASDAQ
VSAT,NASDAQ
VSDA,NASDAQ
VSEC,NASDAQ
VSMV,NASDAQ
VSTM,NASDAQ
VTC,NASDAQ
VTGN,NASDAQ
VTHR,NASDAQ
VTIP,NASDAQ
VTIQ,NASDAQ
VTIQU,NASDAQ
VTIQW,NASDAQ
VTNR,NASDAQ
VTSI,NASDAQ
VTVT,NASDAQ
VTWG,NASDAQ
VTWO,NASDAQ
VTWV,NASDAQ
VUZI,NASDAQ
VVPR,NASDAQ
VVUS,NASDAQ
VWOB,NASDAQ
VXRT,NASDAQ
VXUS,NASDAQ
VYGR,NASDAQ
VYMI,NASDAQ
WABC,NASDAQ
WAFD,NASDAQ
WAFU,NASDAQ
WASH,NASDAQ
WATT,NASDAQ
WB,NASDAQ
WBND,NASDAQ
WCLD,NASDAQ
WDAY,NASDAQ
WDFC,NASDAQ
WEBK,NASDAQ
WEN,NASDAQ
WERN,NASDAQ
WETF,NASDAQ
WEYS,NASDAQ
WHF,NASDAQ
WHFBZ,NASDAQ
WHLM,NASDAQ
WHLR,NASDAQ
WHLRD,NASDAQ
WHLRP,NASDAQ
WIFI,NASDAQ
WILC,NASDAQ
WINA,NASDAQ
WINC,NASDAQ
WING,NASDAQ
WINS,NASDAQ
WIRE,NASDAQ
WISA,NASDAQ
WIX,NASDAQ
WKEY,NASDAQ
WKHS,NASDAQ
WLDN,NASDAQ
WLFC,NASDAQ
WMGI,NASDAQ
WNEB,NASDAQ
WOOD,NASDAQ
WORX,NASDAQ
WPRT,NASDAQ
WRLD,NASDAQ
WRLS,NASDAQ
WRLSR,NASDAQ
WRLSU,NASDAQ
WRLSW,NASDAQ
WRTC,NASDAQ
WSBC,NASDAQ
WSBF,NASDAQ
WSC,NASDAQ
WSFS,NASDAQ
WSG,NASDAQ
WSTG,NASDAQ
WSTL,NASDAQ
WTBA,NASDAQ
WTER,NASDAQ
WTFC,NASDAQ
WTFCM,NASDAQ
WTRE,NASDAQ
WTREP,NASDAQ
WTRH,NASDAQ
WVE,NASDAQ
WVFC,NASDAQ
WVVI,NASDAQ
WVVIP,NASDAQ
WW,NASDAQ
WWD,NASDAQ
WWR,NASDAQ
XAIR,NASDAQ
XBIO,NASDAQ
XBIOW,NASDAQ
XBIT,NASDAQ
XCUR,NASDAQ
XELA,NASDAQ
XELB,NASDAQ
XENE,NASDAQ
XENT,NASDAQ
XERS,NASDAQ
XFOR,NASDAQ
XGN,NASDAQ
XLRN,NASDAQ
XNCR,NASDAQ
XNET,NASDAQ
XOG,NASDAQ
XOMA,NASDAQ
XON,NASDAQ
XONE,NASDAQ
XPEL,NASDAQ
XPER,NASDAQ
XSPA,NASDAQ
XT,NASDAQ
XTLB,NASDAQ
YAYO,NASDAQ
YGYI,NASDAQ
YGYIP,NASDAQ
YI,NASDAQ
YIN,NASDAQ
YJ,NASDAQ
YLCO,NASDAQ
YLDE,NASDAQ
YMAB,NASDAQ
YNDX,NASDAQ
YORW,NASDAQ
YRCW,NASDAQ
YTEN,NASDAQ
YTRA,NASDAQ
YVR,NASDAQ
YY,NASDAQ
Z,NASDAQ
ZAGG,NASDAQ
ZAZZT,NASDAQ
ZBIO,NASDAQ
ZBRA,NASDAQ
ZBZZT,NASDAQ
ZCZZT,NASDAQ
ZEAL,NASDAQ
ZEUS,NASDAQ
ZFGN,NASDAQ
ZG,NASDAQ
ZGNX,NASDAQ
ZIONW,NASDAQ
ZIOP,NASDAQ
ZIV,NASDAQ
ZIXI,NASDAQ
ZJZZT,NASDAQ
ZKIN,NASDAQ
ZLAB,NASDAQ
ZM,NASDAQ
ZN,NASDAQ
ZNGA,NASDAQ
ZNWAA,NASDAQ
ZS,NASDAQ
ZSAN,NASDAQ
ZUMZ,NASDAQ
ZVO,NASDAQ
ZVZZC,NASDAQ
ZVZZT,NASDAQ
ZWZZT,NASDAQ
ZXYZ.A,NASDAQ
ZXZZT,NASDAQ
ZYNE,NASDAQ
ZYXI,NASDAQ
MMM,Dow
AXP,Dow
AAPL,Dow
BA,Dow
CAT,Dow
CVX,Dow
CSCO,Dow
KO,Dow
DIS,Dow
DOW,Dow
XOM,Dow
GS,Dow
HD,Dow
IBM,Dow
INTC,Dow
JNJ,Dow
JPM,Dow
MCD,Dow
MRK,Dow
MSFT,Dow
NKE,Dow
PFE,Dow
PG,Dow
TRV,Dow
UTX,Dow
UNH,Dow
VZ,Dow
V,Dow
WMT,Dow
WBA,Dow
A,S&P500
AAL,S&P500
AAP,S&P500
ABBV,S&P500
ABC,S&P500
ABMD,S&P500
ABT,S&P500
ACN,S&P500
ADBE,S&P500
ADI,S&P500
ADM,S&P500
ADP,S&P500
ADS,S&P500
ADSK,S&P500
AEE,S&P500
AEP,S&P500
AES,S&P500
AFL,S&P500
AGN,S&P500
AIG,S&P500
AIV,S&P500
AIZ,S&P500
AJG,S&P500
AKAM,S&P500
ALB,S&P500
ALGN,S&P500
ALK,S&P500
ALL,S&P500
ALLE,S&P500
ALXN,S&P500
AMAT,S&P500
AMCR,S&P500
AMD,S&P500
AME,S&P500
AMG,S&P500
AMGN,S&P500
AMP,S&P500
AMT,S&P500
AMZN,S&P500
ANET,S&P500
ANSS,S&P500
ANTM,S&P500
AON,S&P500
AOS,S&P500
APA,S&P500
APD,S&P500
APH,S&P500
APTV,S&P500
ARE,S&P500
ARNC,S&P500
ATO,S&P500
ATVI,S&P500
AVB,S&P500
AVGO,S&P500
AVY,S&P500
AWK,S&P500
AZO,S&P500
BAC,S&P500
BAX,S&P500
BBT,S&P500
BBY,S&P500
BDX,S&P500
BEN,S&P500
BF.B,S&P500
BIIB,S&P500
BK,S&P500
BKNG,S&P500
BKR,S&P500
BLK,S&P500
BLL,S&P500
BMY,S&P500
BR,S&P500
BRK.B,S&P500
BSX,S&P500
BWA,S&P500
BXP,S&P500
C,S&P500
CAG,S&P500
CAH,S&P500
CB,S&P500
CBOE,S&P500
CBRE,S&P500
CBS,S&P500
CCI,S&P500
CCL,S&P500
CDNS,S&P500
CDW,S&P500
CE,S&P500
CERN,S&P500
CF,S&P500
CFG,S&P500
CHD,S&P500
CHRW,S&P500
CHTR,S&P500
CI,S&P500
CINF,S&P500
CL,S&P500
CLX,S&P500
CMA,S&P500
CMCSA,S&P500
CME,S&P500
CMG,S&P500
CMI,S&P500
CMS,S&P500
CNC,S&P500
CNP,S&P500
COF,S&P500
COG,S&P500
COO,S&P500
COP,S&P500
COST,S&P500
COTY,S&P500
CPB,S&P500
CPRI,S&P500
CPRT,S&P500
CRM,S&P500
CSX,S&P500
CTAS,S&P500
CTL,S&P500
CTSH,S&P500
CTVA,S&P500
CTXS,S&P500
CVS,S&P500
CXO,S&P500
D,S&P500
DAL,S&P500
DD,S&P500
DE,S&P500
DFS,S&P500
DG,S&P500
DGX,S&P500
DHI,S&P500
DHR,S&P500
DISCA,S&P500
DISCK,S&P500
DISH,S&P500
DISHR,S&P500
DLR,S&P500
DLTR,S&P500
DOV,S&P500
DRE,S&P500
DRI,S&P500
DTE,S&P500
DUK,S&P500
DVA,S&P500
DVN,S&P500
DXC,S&P500
EA,S&P500
EBAY,S&P500
ECL,S&P500
ED,S&P500
EFX,S&P500
EIX,S&P500
EL,S&P500
EMN,S&P500
EMR,S&P500
EOG,S&P500
EQIX,S&P500
EQR,S&P500
ES,S&P500
ESS,S&P500
ETFC,S&P500
ETN,S&P500
ETR,S&P500
EVRG,S&P500
EW,S&P500
EXC,S&P500
EXPD,S&P500
EXPE,S&P500
EXR,S&P500
F,S&P500
FANG,S&P500
FAST,S&P500
FB,S&P500
FBHS,S&P500
FCX,S&P500
FDX,S&P500
FE,S&P500
FFIV,S&P500
FIS,S&P500
FISV,S&P500
FITB,S&P500
FLIR,S&P500
FLS,S&P500
FLT,S&P500
FMC,S&P500
FOX,S&P500
FOXA,S&P500
FRC,S&P500
FRT,S&P500
FTI,S&P500
FTNT,S&P500
FTV,S&P500
GD,S&P500
GE,S&P500
GILD,S&P500
GIS,S&P500
GL,S&P500
GLW,S&P500
GM,S&P500
GOOG,S&P500
GOOGL,S&P500
GPC,S&P500
GPN,S&P500
GPS,S&P500
GRMN,S&P500
GWW,S&P500
HAL,S&P500
HAS,S&P500
HBAN,S&P500
HBI,S&P500
HCA,S&P500
HES,S&P500
HFC,S&P500
HIG,S&P500
HII,S&P500
HLT,S&P500
HOG,S&P500
HOLX,S&P500
HON,S&P500
HP,S&P500
HPE,S&P500
HPQ,S&P500
HRB,S&P500
HRL,S&P500
HSIC,S&P500
HST,S&P500
HSY,S&P500
HUM,S&P500
ICE,S&P500
IDXX,S&P500
IEX,S&P500
IFF,S&P500
ILMN,S&P500
INCY,S&P500
INFO,S&P500
INTU,S&P500
IP,S&P500
IPG,S&P500
IPGP,S&P500
IQV,S&P500
IR,S&P500
IRM,S&P500
ISRG,S&P500
IT,S&P500
ITW,S&P500
IVZ,S&P500
JBHT,S&P500
JCI,S&P500
JEC,S&P500
JKHY,S&P500
JNPR,S&P500
JWN,S&P500
K,S&P500
KEY,S&P500
KEYS,S&P500
KHC,S&P500
KIM,S&P500
KLAC,S&P500
KMB,S&P500
KMI,S&P500
KMX,S&P500
KR,S&P500
KSS,S&P500
KSU,S&P500
L,S&P500
LB,S&P500
LDOS,S&P500
LEG,S&P500
LEN,S&P500
LH,S&P500
LHX,S&P500
LIN,S&P500
LKQ,S&P500
LLY,S&P500
LMT,S&P500
LNC,S&P500
LNT,S&P500
LOW,S&P500
LRCX,S&P500
LUV,S&P500
LVS,S&P500
LW,S&P500
LYB,S&P500
M,S&P500
MA,S&P500
MAA,S&P500
MAC,S&P500
MAR,S&P500
MAS,S&P500
MCHP,S&P500
MCK,S&P500
MCO,S&P500
MDLZ,S&P500
MDT,S&P500
MET,S&P500
MGM,S&P500
MHK,S&P500
MKC,S&P500
MKTX,S&P500
MLM,S&P500
MMC,S&P500
MNST,S&P500
MO,S&P500
MOS,S&P500
MPC,S&P500
MRO,S&P500
MS,S&P500
MSCI,S&P500
MSI,S&P500
MTB,S&P500
MTD,S&P500
MU,S&P500
MXIM,S&P500
MYL,S&P500
NBL,S&P500
NCLH,S&P500
NDAQ,S&P500
NEE,S&P500
NEM,S&P500
NFLX,S&P500
NI,S&P500
NLOK,S&P500
NLSN,S&P500
NOC,S&P500
NOV,S&P500
NOW,S&P500
NRG,S&P500
NSC,S&P500
NTAP,S&P500
NTRS,S&P500
NUE,S&P500
NVDA,S&P500
NVR,S&P500
NWL,S&P500
NWS,S&P500
NWSA,S&P500
O,S&P500
OKE,S&P500
OMC,S&P500
ORCL,S&P500
ORLY,S&P500
OXY,S&P500
PAYX,S&P500
PBCT,S&P500
PCAR,S&P500
PEAK,S&P500
PEG,S&P500
PEP,S&P500
PFG,S&P500
PGR,S&P500
PH,S&P500
PHM,S&P500
PKG,S&P500
PKI,S&P500
PLD,S&P500
PM,S&P500
PNC,S&P500
PNR,S&P500
PNW,S&P500
PPG,S&P500
PPL,S&P500
PRGO,S&P500
PRU,S&P500
PSA,S&P500
PSX,S&P500
PVH,S&P500
PWR,S&P500
PXD,S&P500
PYPL,S&P500
QCOM,S&P500
QRVO,S&P500
RCL,S&P500
RE,S&P500
REG,S&P500
REGN,S&P500
RF,S&P500
RHI,S&P500
RJF,S&P500
RL,S&P500
RMD,S&P500
ROK,S&P500
ROL,S&P500
ROP,S&P500
ROST,S&P500
RSG,S&P500
RTN,S&P500
SBAC,S&P500
SBUX,S&P500
SCHW,S&P500
SEE,S&P500
SHW,S&P500
SIVB,S&P500
SJM,S&P500
SLB,S&P500
SLG,S&P500
SNA,S&P500
SNPS,S&P500
SO,S&P500
SPG,S&P500
SPGI,S&P500
SRE,S&P500
STI,S&P500
STT,S&P500
STX,S&P500
STZ,S&P500
SWK,S&P500
SWKS,S&P500
SYF,S&P500
SYK,S&P500
SYY,S&P500
T,S&P500
TAP,S&P500
TDG,S&P500
TEL,S&P500
TFX,S&P500
TGT,S&P500
TIF,S&P500
TJX,S&P500
TMO,S&P500
TMUS,S&P500
TPR,S&P500
TRIP,S&P500
TROW,S&P500
TSCO,S&P500
TSN,S&P500
TTWO,S&P500
TWTR,S&P500
TXN,S&P500
TXT,S&P500
UA,S&P500
UAA,S&P500
UAL,S&P500
UDR,S&P500
UHS,S&P500
ULTA,S&P500
UNM,S&P500
UNP,S&P500
UPS,S&P500
URI,S&P500
USB,S&P500
VAR,S&P500
VFC,S&P500
VIAB,S&P500
VLO,S&P500
VMC,S&P500
VNO,S&P500
VRSK,S&P500
VRSN,S&P500
VRTX,S&P500
VTR,S&P500
WAB,S&P500
WAT,S&P500
WCG,S&P500
WDC,S&P500
WEC,S&P500
WELL,S&P500
WFC,S&P500
WHR,S&P500
WLTW,S&P500
WM,S&P500
WMB,S&P500
WRK,S&P500
WU,S&P500
WY,S&P500
WYNN,S&P500
XEC,S&P500
XEL,S&P500
XLNX,S&P500
XRAY,S&P500
XRX,S&P500
XYL,S&P500
YUM,S&P500
ZBH,S&P500
ZION,S&P500
ZTS,S&P500
